{"gridWidth":10,"gridHeight":10,"objectList":[{"index":1,"x":6,"y":9,"objectData":"{}"},{"index":1,"x":7,"y":9,"objectData":"{}"},{"index":1,"x":8,"y":9,"objectData":"{}"},{"index":1,"x":9,"y":9,"objectData":"{}"},{"index":1,"x":9,"y":8,"objectData":"{}"},{"index":1,"x":9,"y":7,"objectData":"{}"},{"index":1,"x":9,"y":6,"objectData":"{}"},{"index":1,"x":9,"y":5,"objectData":"{}"},{"index":1,"x":9,"y":4,"objectData":"{}"},{"index":1,"x":9,"y":3,"objectData":"{}"},{"index":1,"x":9,"y":2,"objectData":"{}"},{"index":1,"x":9,"y":1,"objectData":"{}"},{"index":1,"x":9,"y":0,"objectData":"{}"},{"index":1,"x":8,"y":0,"objectData":"{}"},{"index":1,"x":7,"y":0,"objectData":"{}"},{"index":1,"x":6,"y":0,"objectData":"{}"},{"index":1,"x":5,"y":0,"objectData":"{}"},{"index":1,"x":4,"y":0,"objectData":"{}"},{"index":1,"x":3,"y":0,"objectData":"{}"},{"index":1,"x":2,"y":0,"objectData":"{}"},{"index":1,"x":1,"y":0,"objectData":"{}"},{"index":1,"x":0,"y":0,"objectData":"{}"},{"index":1,"x":0,"y":3,"objectData":"{}"},{"index":1,"x":0,"y":4,"objectData":"{}"},{"index":1,"x":0,"y":5,"objectData":"{}"},{"index":1,"x":0,"y":6,"objectData":"{}"},{"index":1,"x":0,"y":7,"objectData":"{}"},{"index":1,"x":0,"y":8,"objectData":"{}"},{"index":1,"x":0,"y":9,"objectData":"{}"},{"index":1,"x":1,"y":9,"objectData":"{}"},{"index":1,"x":2,"y":9,"objectData":"{}"},{"index":1,"x":3,"y":9,"objectData":"{}"},{"index":1,"x":4,"y":9,"objectData":"{}"},{"index":1,"x":5,"y":9,"objectData":"{}"},{"index":2,"x":1,"y":8,"objectData":""},{"index":2,"x":3,"y":8,"objectData":""},{"index":2,"x":4,"y":8,"objectData":""},{"index":2,"x":5,"y":8,"objectData":""},{"index":2,"x":6,"y":8,"objectData":""},{"index":2,"x":7,"y":8,"objectData":""},{"index":2,"x":7,"y":7,"objectData":""},{"index":2,"x":7,"y":6,"objectData":""},{"index":2,"x":8,"y":8,"objectData":""},{"index":2,"x":8,"y":7,"objectData":""},{"index":2,"x":8,"y":6,"objectData":""},{"index":2,"x":8,"y":5,"objectData":""},{"index":2,"x":8,"y":4,"objectData":""},{"index":2,"x":8,"y":3,"objectData":""},{"index":2,"x":8,"y":2,"objectData":""},{"index":2,"x":8,"y":1,"objectData":""},{"index":2,"x":7,"y":1,"objectData":""},{"index":2,"x":6,"y":1,"objectData":""},{"index":2,"x":5,"y":1,"objectData":""},{"index":2,"x":4,"y":1,"objectData":""},{"index":2,"x":3,"y":1,"objectData":""},{"index":2,"x":2,"y":1,"objectData":""},{"index":2,"x":1,"y":1,"objectData":""},{"index":2,"x":1,"y":2,"objectData":""},{"index":2,"x":2,"y":2,"objectData":""},{"index":2,"x":3,"y":2,"objectData":""},{"index":2,"x":4,"y":2,"objectData":""},{"index":2,"x":5,"y":2,"objectData":""},{"index":2,"x":6,"y":2,"objectData":""},{"index":2,"x":7,"y":2,"objectData":""},{"index":2,"x":7,"y":3,"objectData":""},{"index":2,"x":1,"y":3,"objectData":""},{"index":2,"x":2,"y":3,"objectData":""},{"index":2,"x":3,"y":3,"objectData":""},{"index":2,"x":4,"y":3,"objectData":""},{"index":2,"x":6,"y":3,"objectData":""},{"index":2,"x":6,"y":4,"objectData":""},{"index":2,"x":7,"y":4,"objectData":""},{"index":2,"x":7,"y":5,"objectData":""},{"index":2,"x":4,"y":5,"objectData":""},{"index":2,"x":1,"y":4,"objectData":""},{"index":2,"x":2,"y":4,"objectData":""},{"index":2,"x":3,"y":4,"objectData":""},{"index":2,"x":4,"y":4,"objectData":""},{"index":2,"x":5,"y":4,"objectData":""},{"index":2,"x":5,"y":5,"objectData":""},{"index":2,"x":6,"y":5,"objectData":""},{"index":2,"x":6,"y":6,"objectData":""},{"index":2,"x":5,"y":6,"objectData":""},{"index":2,"x":3,"y":5,"objectData":""},{"index":2,"x":2,"y":5,"objectData":""},{"index":2,"x":1,"y":5,"objectData":""},{"index":2,"x":1,"y":6,"objectData":""},{"index":2,"x":2,"y":6,"objectData":""},{"index":2,"x":3,"y":6,"objectData":""},{"index":2,"x":4,"y":6,"objectData":""},{"index":2,"x":6,"y":7,"objectData":""},{"index":2,"x":5,"y":7,"objectData":""},{"index":2,"x":4,"y":7,"objectData":""},{"index":2,"x":3,"y":7,"objectData":""},{"index":2,"x":2,"y":7,"objectData":""},{"index":2,"x":1,"y":7,"objectData":""},{"index":1,"x":0,"y":2,"objectData":"{}"},{"index":1,"x":0,"y":1,"objectData":"{}"},{"index":3,"x":5,"y":3,"objectData":"{\"enumTurret\":0}"},{"index":0,"x":2,"y":8,"objectData":""},{"index":4,"x":2,"y":8,"objectData":""}]}