{"gridWidth":30,"gridHeight":30,"objectList":[{"index":1,"x":0,"y":28,"objectData":"{}"},{"index":1,"x":0,"y":27,"objectData":"{}"},{"index":1,"x":0,"y":26,"objectData":"{}"},{"index":1,"x":0,"y":25,"objectData":"{}"},{"index":1,"x":0,"y":24,"objectData":"{}"},{"index":1,"x":0,"y":23,"objectData":"{}"},{"index":1,"x":0,"y":22,"objectData":"{}"},{"index":1,"x":0,"y":21,"objectData":"{}"},{"index":1,"x":0,"y":20,"objectData":"{}"},{"index":1,"x":0,"y":19,"objectData":"{}"},{"index":1,"x":0,"y":29,"objectData":"{}"},{"index":1,"x":1,"y":29,"objectData":"{}"},{"index":1,"x":2,"y":29,"objectData":"{}"},{"index":1,"x":3,"y":29,"objectData":"{}"},{"index":1,"x":4,"y":29,"objectData":"{}"},{"index":1,"x":5,"y":29,"objectData":"{}"},{"index":1,"x":6,"y":29,"objectData":"{}"},{"index":1,"x":5,"y":18,"objectData":"{}"},{"index":1,"x":5,"y":19,"objectData":"{}"},{"index":1,"x":5,"y":20,"objectData":"{}"},{"index":1,"x":5,"y":21,"objectData":"{}"},{"index":1,"x":5,"y":22,"objectData":"{}"},{"index":1,"x":5,"y":23,"objectData":"{}"},{"index":1,"x":7,"y":29,"objectData":"{}"},{"index":1,"x":8,"y":29,"objectData":"{}"},{"index":1,"x":9,"y":29,"objectData":"{}"},{"index":1,"x":10,"y":29,"objectData":"{}"},{"index":1,"x":11,"y":29,"objectData":"{}"},{"index":1,"x":11,"y":28,"objectData":"{}"},{"index":1,"x":11,"y":27,"objectData":"{}"},{"index":1,"x":11,"y":26,"objectData":"{}"},{"index":1,"x":11,"y":25,"objectData":"{}"},{"index":1,"x":11,"y":24,"objectData":"{}"},{"index":9,"x":12,"y":23,"objectData":"{}"},{"index":9,"x":13,"y":23,"objectData":"{}"},{"index":9,"x":14,"y":23,"objectData":"{}"},{"index":9,"x":15,"y":23,"objectData":"{}"},{"index":9,"x":16,"y":23,"objectData":"{}"},{"index":9,"x":17,"y":23,"objectData":"{}"},{"index":9,"x":18,"y":23,"objectData":"{}"},{"index":9,"x":19,"y":23,"objectData":"{}"},{"index":9,"x":20,"y":23,"objectData":"{}"},{"index":9,"x":21,"y":23,"objectData":"{}"},{"index":9,"x":22,"y":23,"objectData":"{}"},{"index":9,"x":23,"y":23,"objectData":"{}"},{"index":9,"x":24,"y":23,"objectData":"{}"},{"index":9,"x":25,"y":23,"objectData":"{}"},{"index":9,"x":26,"y":23,"objectData":"{}"},{"index":9,"x":27,"y":23,"objectData":"{}"},{"index":9,"x":28,"y":23,"objectData":"{}"},{"index":9,"x":29,"y":23,"objectData":"{}"},{"index":9,"x":29,"y":22,"objectData":"{}"},{"index":9,"x":29,"y":21,"objectData":"{}"},{"index":9,"x":29,"y":20,"objectData":"{}"},{"index":9,"x":29,"y":19,"objectData":"{}"},{"index":9,"x":29,"y":18,"objectData":"{}"},{"index":9,"x":29,"y":17,"objectData":"{}"},{"index":9,"x":29,"y":16,"objectData":"{}"},{"index":9,"x":29,"y":15,"objectData":"{}"},{"index":9,"x":29,"y":14,"objectData":"{}"},{"index":9,"x":29,"y":13,"objectData":"{}"},{"index":9,"x":29,"y":12,"objectData":"{}"},{"index":9,"x":29,"y":11,"objectData":"{}"},{"index":9,"x":29,"y":10,"objectData":"{}"},{"index":9,"x":29,"y":9,"objectData":"{}"},{"index":9,"x":29,"y":8,"objectData":"{}"},{"index":9,"x":29,"y":7,"objectData":"{}"},{"index":9,"x":29,"y":6,"objectData":"{}"},{"index":9,"x":29,"y":5,"objectData":"{}"},{"index":9,"x":29,"y":4,"objectData":"{}"},{"index":9,"x":28,"y":4,"objectData":"{}"},{"index":9,"x":27,"y":4,"objectData":"{}"},{"index":9,"x":26,"y":4,"objectData":"{}"},{"index":9,"x":25,"y":4,"objectData":"{}"},{"index":9,"x":24,"y":4,"objectData":"{}"},{"index":9,"x":23,"y":4,"objectData":"{}"},{"index":9,"x":22,"y":4,"objectData":"{}"},{"index":9,"x":21,"y":4,"objectData":"{}"},{"index":9,"x":20,"y":4,"objectData":"{}"},{"index":9,"x":19,"y":4,"objectData":"{}"},{"index":9,"x":18,"y":4,"objectData":"{}"},{"index":9,"x":17,"y":4,"objectData":"{}"},{"index":9,"x":16,"y":4,"objectData":"{}"},{"index":9,"x":15,"y":4,"objectData":"{}"},{"index":9,"x":14,"y":4,"objectData":"{}"},{"index":9,"x":13,"y":4,"objectData":"{}"},{"index":9,"x":12,"y":4,"objectData":"{}"},{"index":9,"x":11,"y":4,"objectData":"{}"},{"index":9,"x":10,"y":4,"objectData":"{}"},{"index":9,"x":9,"y":4,"objectData":"{}"},{"index":9,"x":8,"y":4,"objectData":"{}"},{"index":9,"x":7,"y":4,"objectData":"{}"},{"index":9,"x":6,"y":4,"objectData":"{}"},{"index":9,"x":5,"y":4,"objectData":"{}"},{"index":9,"x":4,"y":4,"objectData":"{}"},{"index":9,"x":3,"y":4,"objectData":"{}"},{"index":9,"x":3,"y":5,"objectData":"{}"},{"index":9,"x":3,"y":6,"objectData":"{}"},{"index":9,"x":3,"y":7,"objectData":"{}"},{"index":9,"x":3,"y":8,"objectData":"{}"},{"index":8,"x":12,"y":22,"objectData":"{}"},{"index":8,"x":13,"y":22,"objectData":"{}"},{"index":8,"x":14,"y":22,"objectData":"{}"},{"index":8,"x":18,"y":22,"objectData":"{}"},{"index":8,"x":19,"y":22,"objectData":"{}"},{"index":8,"x":20,"y":22,"objectData":"{}"},{"index":8,"x":21,"y":22,"objectData":"{}"},{"index":8,"x":22,"y":22,"objectData":"{}"},{"index":8,"x":23,"y":22,"objectData":"{}"},{"index":8,"x":24,"y":22,"objectData":"{}"},{"index":8,"x":25,"y":22,"objectData":"{}"},{"index":8,"x":26,"y":22,"objectData":"{}"},{"index":8,"x":27,"y":22,"objectData":"{}"},{"index":8,"x":28,"y":22,"objectData":"{}"},{"index":8,"x":28,"y":21,"objectData":"{}"},{"index":8,"x":28,"y":20,"objectData":"{}"},{"index":8,"x":28,"y":19,"objectData":"{}"},{"index":8,"x":28,"y":18,"objectData":"{}"},{"index":8,"x":28,"y":17,"objectData":"{}"},{"index":8,"x":28,"y":16,"objectData":"{}"},{"index":8,"x":28,"y":15,"objectData":"{}"},{"index":8,"x":28,"y":14,"objectData":"{}"},{"index":8,"x":28,"y":13,"objectData":"{}"},{"index":8,"x":28,"y":12,"objectData":"{}"},{"index":8,"x":28,"y":11,"objectData":"{}"},{"index":8,"x":28,"y":10,"objectData":"{}"},{"index":8,"x":28,"y":9,"objectData":"{}"},{"index":8,"x":28,"y":8,"objectData":"{}"},{"index":8,"x":28,"y":7,"objectData":"{}"},{"index":8,"x":28,"y":6,"objectData":"{}"},{"index":8,"x":28,"y":5,"objectData":"{}"},{"index":8,"x":27,"y":5,"objectData":"{}"},{"index":8,"x":26,"y":5,"objectData":"{}"},{"index":8,"x":25,"y":5,"objectData":"{}"},{"index":8,"x":24,"y":5,"objectData":"{}"},{"index":8,"x":23,"y":5,"objectData":"{}"},{"index":8,"x":22,"y":5,"objectData":"{}"},{"index":8,"x":21,"y":5,"objectData":"{}"},{"index":8,"x":20,"y":5,"objectData":"{}"},{"index":8,"x":19,"y":5,"objectData":"{}"},{"index":8,"x":18,"y":5,"objectData":"{}"},{"index":8,"x":17,"y":5,"objectData":"{}"},{"index":8,"x":16,"y":5,"objectData":"{}"},{"index":8,"x":15,"y":5,"objectData":"{}"},{"index":8,"x":14,"y":5,"objectData":"{}"},{"index":8,"x":13,"y":5,"objectData":"{}"},{"index":8,"x":12,"y":5,"objectData":"{}"},{"index":8,"x":10,"y":5,"objectData":"{}"},{"index":8,"x":9,"y":5,"objectData":"{}"},{"index":8,"x":8,"y":5,"objectData":"{}"},{"index":8,"x":7,"y":5,"objectData":"{}"},{"index":8,"x":6,"y":5,"objectData":"{}"},{"index":8,"x":5,"y":5,"objectData":"{}"},{"index":8,"x":4,"y":5,"objectData":"{}"},{"index":8,"x":4,"y":6,"objectData":"{}"},{"index":8,"x":4,"y":7,"objectData":"{}"},{"index":8,"x":4,"y":8,"objectData":"{}"},{"index":8,"x":4,"y":9,"objectData":"{}"},{"index":8,"x":4,"y":13,"objectData":"{}"},{"index":8,"x":4,"y":12,"objectData":"{}"},{"index":8,"x":4,"y":11,"objectData":"{}"},{"index":8,"x":4,"y":10,"objectData":"{}"},{"index":9,"x":3,"y":14,"objectData":"{}"},{"index":9,"x":3,"y":13,"objectData":"{}"},{"index":9,"x":3,"y":12,"objectData":"{}"},{"index":9,"x":3,"y":11,"objectData":"{}"},{"index":9,"x":3,"y":10,"objectData":"{}"},{"index":9,"x":3,"y":9,"objectData":"{}"},{"index":9,"x":5,"y":14,"objectData":"{}"},{"index":9,"x":6,"y":14,"objectData":"{}"},{"index":9,"x":7,"y":14,"objectData":"{}"},{"index":9,"x":8,"y":14,"objectData":"{}"},{"index":9,"x":9,"y":14,"objectData":"{}"},{"index":9,"x":10,"y":14,"objectData":"{}"},{"index":9,"x":11,"y":14,"objectData":"{}"},{"index":9,"x":12,"y":14,"objectData":"{}"},{"index":9,"x":13,"y":14,"objectData":"{}"},{"index":9,"x":14,"y":14,"objectData":"{}"},{"index":9,"x":15,"y":14,"objectData":"{}"},{"index":9,"x":16,"y":14,"objectData":"{}"},{"index":8,"x":6,"y":15,"objectData":"{}"},{"index":8,"x":7,"y":15,"objectData":"{}"},{"index":8,"x":8,"y":15,"objectData":"{}"},{"index":8,"x":9,"y":15,"objectData":"{}"},{"index":8,"x":10,"y":15,"objectData":"{}"},{"index":8,"x":11,"y":15,"objectData":"{}"},{"index":8,"x":12,"y":15,"objectData":"{}"},{"index":8,"x":13,"y":15,"objectData":"{}"},{"index":8,"x":14,"y":15,"objectData":"{}"},{"index":8,"x":15,"y":15,"objectData":"{}"},{"index":8,"x":16,"y":15,"objectData":"{}"},{"index":8,"x":17,"y":15,"objectData":"{}"},{"index":8,"x":18,"y":15,"objectData":"{}"},{"index":8,"x":19,"y":15,"objectData":"{}"},{"index":8,"x":20,"y":15,"objectData":"{}"},{"index":8,"x":21,"y":15,"objectData":"{}"},{"index":8,"x":21,"y":14,"objectData":"{}"},{"index":8,"x":21,"y":13,"objectData":"{}"},{"index":8,"x":5,"y":13,"objectData":"{}"},{"index":8,"x":6,"y":13,"objectData":"{}"},{"index":8,"x":7,"y":13,"objectData":"{}"},{"index":8,"x":8,"y":13,"objectData":"{}"},{"index":8,"x":9,"y":13,"objectData":"{}"},{"index":8,"x":10,"y":13,"objectData":"{}"},{"index":8,"x":11,"y":13,"objectData":"{}"},{"index":8,"x":12,"y":13,"objectData":"{}"},{"index":8,"x":13,"y":13,"objectData":"{}"},{"index":8,"x":14,"y":13,"objectData":"{}"},{"index":8,"x":15,"y":13,"objectData":"{}"},{"index":8,"x":16,"y":13,"objectData":"{}"},{"index":8,"x":20,"y":13,"objectData":"{}"},{"index":8,"x":19,"y":13,"objectData":"{}"},{"index":8,"x":18,"y":13,"objectData":"{}"},{"index":8,"x":17,"y":13,"objectData":"{}"},{"index":9,"x":17,"y":14,"objectData":"{}"},{"index":9,"x":18,"y":14,"objectData":"{}"},{"index":9,"x":19,"y":14,"objectData":"{}"},{"index":9,"x":20,"y":14,"objectData":"{}"},{"index":9,"x":4,"y":14,"objectData":"{}"},{"index":1,"x":0,"y":18,"objectData":"{}"},{"index":1,"x":0,"y":17,"objectData":"{}"},{"index":1,"x":0,"y":16,"objectData":"{}"},{"index":1,"x":1,"y":16,"objectData":"{}"},{"index":1,"x":2,"y":16,"objectData":"{}"},{"index":1,"x":3,"y":16,"objectData":"{}"},{"index":1,"x":5,"y":17,"objectData":"{}"},{"index":1,"x":4,"y":16,"objectData":"{}"},{"index":1,"x":5,"y":16,"objectData":"{}"},{"index":1,"x":4,"y":15,"objectData":"{}"},{"index":1,"x":5,"y":15,"objectData":"{}"},{"index":1,"x":3,"y":15,"objectData":"{}"},{"index":2,"x":4,"y":17,"objectData":""},{"index":2,"x":3,"y":17,"objectData":""},{"index":2,"x":2,"y":17,"objectData":""},{"index":2,"x":1,"y":17,"objectData":""},{"index":2,"x":1,"y":18,"objectData":""},{"index":2,"x":2,"y":18,"objectData":""},{"index":2,"x":3,"y":18,"objectData":""},{"index":2,"x":4,"y":18,"objectData":""},{"index":2,"x":4,"y":19,"objectData":""},{"index":2,"x":3,"y":19,"objectData":""},{"index":2,"x":1,"y":19,"objectData":""},{"index":2,"x":1,"y":20,"objectData":""},{"index":2,"x":2,"y":20,"objectData":""},{"index":2,"x":3,"y":20,"objectData":""},{"index":2,"x":4,"y":20,"objectData":""},{"index":2,"x":4,"y":21,"objectData":""},{"index":2,"x":3,"y":21,"objectData":""},{"index":2,"x":2,"y":21,"objectData":""},{"index":2,"x":1,"y":21,"objectData":""},{"index":2,"x":1,"y":22,"objectData":""},{"index":2,"x":2,"y":22,"objectData":""},{"index":2,"x":3,"y":22,"objectData":""},{"index":2,"x":4,"y":22,"objectData":""},{"index":2,"x":4,"y":23,"objectData":""},{"index":2,"x":3,"y":23,"objectData":""},{"index":2,"x":2,"y":23,"objectData":""},{"index":2,"x":1,"y":23,"objectData":""},{"index":2,"x":1,"y":24,"objectData":""},{"index":2,"x":4,"y":24,"objectData":""},{"index":2,"x":3,"y":24,"objectData":""},{"index":2,"x":2,"y":24,"objectData":""},{"index":2,"x":1,"y":25,"objectData":""},{"index":2,"x":1,"y":26,"objectData":""},{"index":2,"x":1,"y":27,"objectData":""},{"index":2,"x":1,"y":28,"objectData":""},{"index":2,"x":2,"y":28,"objectData":""},{"index":2,"x":3,"y":28,"objectData":""},{"index":2,"x":4,"y":28,"objectData":""},{"index":2,"x":5,"y":28,"objectData":""},{"index":2,"x":6,"y":28,"objectData":""},{"index":2,"x":7,"y":28,"objectData":""},{"index":2,"x":8,"y":28,"objectData":""},{"index":2,"x":9,"y":28,"objectData":""},{"index":2,"x":10,"y":28,"objectData":""},{"index":2,"x":10,"y":27,"objectData":""},{"index":2,"x":10,"y":26,"objectData":""},{"index":2,"x":8,"y":25,"objectData":""},{"index":2,"x":7,"y":25,"objectData":""},{"index":2,"x":3,"y":25,"objectData":""},{"index":2,"x":2,"y":25,"objectData":""},{"index":2,"x":2,"y":26,"objectData":""},{"index":2,"x":2,"y":27,"objectData":""},{"index":2,"x":3,"y":27,"objectData":""},{"index":2,"x":4,"y":27,"objectData":""},{"index":2,"x":5,"y":27,"objectData":""},{"index":2,"x":5,"y":24,"objectData":""},{"index":2,"x":5,"y":25,"objectData":""},{"index":2,"x":4,"y":25,"objectData":""},{"index":2,"x":3,"y":26,"objectData":""},{"index":2,"x":4,"y":26,"objectData":""},{"index":2,"x":5,"y":26,"objectData":""},{"index":2,"x":8,"y":27,"objectData":""},{"index":2,"x":9,"y":27,"objectData":""},{"index":2,"x":9,"y":26,"objectData":""},{"index":2,"x":8,"y":26,"objectData":""},{"index":2,"x":7,"y":26,"objectData":""},{"index":2,"x":7,"y":27,"objectData":""},{"index":2,"x":6,"y":27,"objectData":""},{"index":2,"x":6,"y":26,"objectData":""},{"index":2,"x":6,"y":25,"objectData":""},{"index":2,"x":6,"y":24,"objectData":""},{"index":2,"x":7,"y":24,"objectData":""},{"index":2,"x":8,"y":24,"objectData":""},{"index":2,"x":9,"y":24,"objectData":""},{"index":2,"x":9,"y":25,"objectData":""},{"index":2,"x":10,"y":25,"objectData":""},{"index":2,"x":10,"y":24,"objectData":""},{"index":2,"x":10,"y":23,"objectData":""},{"index":2,"x":10,"y":22,"objectData":""},{"index":2,"x":10,"y":21,"objectData":""},{"index":2,"x":10,"y":19,"objectData":""},{"index":2,"x":10,"y":20,"objectData":""},{"index":2,"x":9,"y":20,"objectData":""},{"index":2,"x":9,"y":21,"objectData":""},{"index":2,"x":6,"y":23,"objectData":""},{"index":2,"x":7,"y":23,"objectData":""},{"index":2,"x":8,"y":23,"objectData":""},{"index":2,"x":9,"y":23,"objectData":""},{"index":2,"x":9,"y":22,"objectData":""},{"index":2,"x":8,"y":22,"objectData":""},{"index":2,"x":7,"y":22,"objectData":""},{"index":2,"x":6,"y":22,"objectData":""},{"index":2,"x":6,"y":21,"objectData":""},{"index":2,"x":6,"y":20,"objectData":""},{"index":2,"x":6,"y":16,"objectData":""},{"index":2,"x":7,"y":16,"objectData":""},{"index":2,"x":8,"y":16,"objectData":""},{"index":2,"x":9,"y":16,"objectData":""},{"index":2,"x":10,"y":16,"objectData":""},{"index":2,"x":12,"y":17,"objectData":""},{"index":2,"x":11,"y":16,"objectData":""},{"index":2,"x":11,"y":17,"objectData":""},{"index":2,"x":10,"y":17,"objectData":""},{"index":2,"x":9,"y":17,"objectData":""},{"index":2,"x":8,"y":17,"objectData":""},{"index":2,"x":6,"y":17,"objectData":""},{"index":2,"x":6,"y":18,"objectData":""},{"index":2,"x":6,"y":19,"objectData":""},{"index":2,"x":7,"y":19,"objectData":""},{"index":2,"x":7,"y":20,"objectData":""},{"index":2,"x":7,"y":21,"objectData":""},{"index":2,"x":8,"y":21,"objectData":""},{"index":2,"x":8,"y":20,"objectData":""},{"index":2,"x":7,"y":17,"objectData":""},{"index":2,"x":7,"y":18,"objectData":""},{"index":2,"x":8,"y":18,"objectData":""},{"index":2,"x":8,"y":19,"objectData":""},{"index":2,"x":9,"y":19,"objectData":""},{"index":2,"x":9,"y":18,"objectData":""},{"index":2,"x":10,"y":18,"objectData":""},{"index":2,"x":11,"y":18,"objectData":""},{"index":2,"x":11,"y":21,"objectData":""},{"index":2,"x":12,"y":21,"objectData":""},{"index":2,"x":13,"y":21,"objectData":""},{"index":8,"x":11,"y":23,"objectData":"{}"},{"index":8,"x":11,"y":22,"objectData":"{}"},{"index":2,"x":13,"y":20,"objectData":""},{"index":2,"x":12,"y":16,"objectData":""},{"index":2,"x":13,"y":16,"objectData":""},{"index":2,"x":14,"y":16,"objectData":""},{"index":2,"x":15,"y":16,"objectData":""},{"index":2,"x":16,"y":16,"objectData":""},{"index":2,"x":17,"y":16,"objectData":""},{"index":2,"x":18,"y":16,"objectData":""},{"index":2,"x":19,"y":16,"objectData":""},{"index":2,"x":22,"y":16,"objectData":""},{"index":2,"x":23,"y":16,"objectData":""},{"index":2,"x":24,"y":16,"objectData":""},{"index":2,"x":25,"y":16,"objectData":""},{"index":2,"x":25,"y":17,"objectData":""},{"index":2,"x":21,"y":16,"objectData":""},{"index":2,"x":20,"y":16,"objectData":""},{"index":2,"x":20,"y":18,"objectData":""},{"index":2,"x":21,"y":18,"objectData":""},{"index":2,"x":22,"y":18,"objectData":""},{"index":2,"x":22,"y":17,"objectData":""},{"index":2,"x":21,"y":17,"objectData":""},{"index":2,"x":20,"y":17,"objectData":""},{"index":2,"x":19,"y":17,"objectData":""},{"index":2,"x":19,"y":20,"objectData":""},{"index":2,"x":19,"y":19,"objectData":""},{"index":2,"x":19,"y":21,"objectData":""},{"index":2,"x":20,"y":21,"objectData":""},{"index":2,"x":21,"y":21,"objectData":""},{"index":2,"x":22,"y":21,"objectData":""},{"index":2,"x":23,"y":21,"objectData":""},{"index":2,"x":24,"y":21,"objectData":""},{"index":2,"x":25,"y":21,"objectData":""},{"index":2,"x":26,"y":21,"objectData":""},{"index":2,"x":26,"y":20,"objectData":""},{"index":2,"x":27,"y":21,"objectData":""},{"index":2,"x":27,"y":20,"objectData":""},{"index":2,"x":27,"y":19,"objectData":""},{"index":2,"x":27,"y":18,"objectData":""},{"index":2,"x":27,"y":17,"objectData":""},{"index":2,"x":27,"y":16,"objectData":""},{"index":2,"x":27,"y":13,"objectData":""},{"index":2,"x":27,"y":12,"objectData":""},{"index":2,"x":27,"y":11,"objectData":""},{"index":2,"x":27,"y":10,"objectData":""},{"index":2,"x":27,"y":9,"objectData":""},{"index":2,"x":27,"y":8,"objectData":""},{"index":2,"x":27,"y":7,"objectData":""},{"index":2,"x":27,"y":6,"objectData":""},{"index":2,"x":26,"y":6,"objectData":""},{"index":2,"x":25,"y":6,"objectData":""},{"index":2,"x":24,"y":6,"objectData":""},{"index":2,"x":23,"y":6,"objectData":""},{"index":2,"x":22,"y":6,"objectData":""},{"index":2,"x":21,"y":6,"objectData":""},{"index":2,"x":20,"y":6,"objectData":""},{"index":2,"x":19,"y":6,"objectData":""},{"index":2,"x":18,"y":6,"objectData":""},{"index":2,"x":17,"y":6,"objectData":""},{"index":2,"x":16,"y":6,"objectData":""},{"index":2,"x":15,"y":6,"objectData":""},{"index":2,"x":14,"y":6,"objectData":""},{"index":2,"x":13,"y":6,"objectData":""},{"index":2,"x":9,"y":6,"objectData":""},{"index":2,"x":8,"y":6,"objectData":""},{"index":2,"x":7,"y":6,"objectData":""},{"index":2,"x":6,"y":6,"objectData":""},{"index":2,"x":5,"y":6,"objectData":""},{"index":2,"x":5,"y":7,"objectData":""},{"index":2,"x":6,"y":7,"objectData":""},{"index":2,"x":7,"y":7,"objectData":""},{"index":2,"x":8,"y":7,"objectData":""},{"index":2,"x":13,"y":7,"objectData":""},{"index":2,"x":14,"y":7,"objectData":""},{"index":2,"x":15,"y":7,"objectData":""},{"index":2,"x":16,"y":7,"objectData":""},{"index":2,"x":17,"y":7,"objectData":""},{"index":2,"x":18,"y":7,"objectData":""},{"index":2,"x":19,"y":7,"objectData":""},{"index":2,"x":20,"y":7,"objectData":""},{"index":2,"x":21,"y":7,"objectData":""},{"index":2,"x":22,"y":7,"objectData":""},{"index":2,"x":23,"y":7,"objectData":""},{"index":2,"x":24,"y":7,"objectData":""},{"index":2,"x":25,"y":7,"objectData":""},{"index":2,"x":26,"y":7,"objectData":""},{"index":2,"x":26,"y":8,"objectData":""},{"index":2,"x":25,"y":8,"objectData":""},{"index":2,"x":24,"y":8,"objectData":""},{"index":2,"x":23,"y":8,"objectData":""},{"index":2,"x":22,"y":8,"objectData":""},{"index":2,"x":21,"y":8,"objectData":""},{"index":2,"x":19,"y":8,"objectData":""},{"index":2,"x":18,"y":8,"objectData":""},{"index":2,"x":17,"y":8,"objectData":""},{"index":2,"x":16,"y":8,"objectData":""},{"index":2,"x":15,"y":8,"objectData":""},{"index":2,"x":14,"y":8,"objectData":""},{"index":2,"x":13,"y":8,"objectData":""},{"index":2,"x":9,"y":7,"objectData":""},{"index":2,"x":5,"y":8,"objectData":""},{"index":2,"x":6,"y":8,"objectData":""},{"index":2,"x":7,"y":8,"objectData":""},{"index":2,"x":9,"y":8,"objectData":""},{"index":2,"x":8,"y":9,"objectData":""},{"index":2,"x":7,"y":9,"objectData":""},{"index":2,"x":6,"y":9,"objectData":""},{"index":2,"x":5,"y":9,"objectData":""},{"index":2,"x":5,"y":10,"objectData":""},{"index":2,"x":5,"y":11,"objectData":""},{"index":2,"x":5,"y":12,"objectData":""},{"index":2,"x":6,"y":12,"objectData":""},{"index":2,"x":7,"y":12,"objectData":""},{"index":2,"x":8,"y":12,"objectData":""},{"index":2,"x":9,"y":12,"objectData":""},{"index":2,"x":9,"y":9,"objectData":""},{"index":2,"x":9,"y":10,"objectData":""},{"index":2,"x":8,"y":10,"objectData":""},{"index":2,"x":7,"y":10,"objectData":""},{"index":2,"x":6,"y":10,"objectData":""},{"index":2,"x":6,"y":11,"objectData":""},{"index":2,"x":7,"y":11,"objectData":""},{"index":2,"x":8,"y":11,"objectData":""},{"index":2,"x":9,"y":11,"objectData":""},{"index":2,"x":13,"y":9,"objectData":""},{"index":2,"x":14,"y":9,"objectData":""},{"index":2,"x":15,"y":9,"objectData":""},{"index":2,"x":16,"y":9,"objectData":""},{"index":2,"x":17,"y":9,"objectData":""},{"index":2,"x":18,"y":9,"objectData":""},{"index":2,"x":19,"y":9,"objectData":""},{"index":2,"x":20,"y":9,"objectData":""},{"index":2,"x":21,"y":9,"objectData":""},{"index":2,"x":22,"y":9,"objectData":""},{"index":2,"x":23,"y":9,"objectData":""},{"index":2,"x":24,"y":9,"objectData":""},{"index":2,"x":25,"y":9,"objectData":""},{"index":2,"x":26,"y":9,"objectData":""},{"index":2,"x":16,"y":10,"objectData":""},{"index":2,"x":15,"y":10,"objectData":""},{"index":2,"x":14,"y":10,"objectData":""},{"index":2,"x":13,"y":10,"objectData":""},{"index":2,"x":17,"y":10,"objectData":""},{"index":2,"x":18,"y":10,"objectData":""},{"index":2,"x":19,"y":10,"objectData":""},{"index":2,"x":20,"y":10,"objectData":""},{"index":2,"x":21,"y":10,"objectData":""},{"index":2,"x":22,"y":10,"objectData":""},{"index":2,"x":23,"y":10,"objectData":""},{"index":2,"x":24,"y":10,"objectData":""},{"index":2,"x":25,"y":10,"objectData":""},{"index":2,"x":26,"y":10,"objectData":""},{"index":2,"x":26,"y":11,"objectData":""},{"index":2,"x":25,"y":11,"objectData":""},{"index":2,"x":24,"y":11,"objectData":""},{"index":2,"x":18,"y":11,"objectData":""},{"index":2,"x":17,"y":11,"objectData":""},{"index":2,"x":16,"y":11,"objectData":""},{"index":2,"x":15,"y":11,"objectData":""},{"index":2,"x":14,"y":11,"objectData":""},{"index":2,"x":13,"y":11,"objectData":""},{"index":2,"x":13,"y":12,"objectData":""},{"index":2,"x":14,"y":12,"objectData":""},{"index":2,"x":15,"y":12,"objectData":""},{"index":2,"x":16,"y":12,"objectData":""},{"index":2,"x":17,"y":12,"objectData":""},{"index":2,"x":18,"y":12,"objectData":""},{"index":2,"x":21,"y":11,"objectData":""},{"index":2,"x":20,"y":11,"objectData":""},{"index":2,"x":19,"y":11,"objectData":""},{"index":2,"x":19,"y":12,"objectData":""},{"index":2,"x":20,"y":12,"objectData":""},{"index":2,"x":21,"y":12,"objectData":""},{"index":2,"x":23,"y":11,"objectData":""},{"index":2,"x":25,"y":12,"objectData":""},{"index":2,"x":26,"y":12,"objectData":""},{"index":2,"x":24,"y":12,"objectData":""},{"index":2,"x":23,"y":12,"objectData":""},{"index":2,"x":22,"y":11,"objectData":""},{"index":2,"x":22,"y":12,"objectData":""},{"index":2,"x":23,"y":14,"objectData":""},{"index":2,"x":23,"y":15,"objectData":""},{"index":2,"x":22,"y":15,"objectData":""},{"index":2,"x":22,"y":14,"objectData":""},{"index":2,"x":22,"y":13,"objectData":""},{"index":2,"x":23,"y":13,"objectData":""},{"index":2,"x":24,"y":13,"objectData":""},{"index":2,"x":26,"y":15,"objectData":""},{"index":2,"x":27,"y":15,"objectData":""},{"index":2,"x":27,"y":14,"objectData":""},{"index":2,"x":26,"y":14,"objectData":""},{"index":2,"x":26,"y":13,"objectData":""},{"index":2,"x":25,"y":13,"objectData":""},{"index":2,"x":24,"y":14,"objectData":""},{"index":2,"x":24,"y":15,"objectData":""},{"index":2,"x":25,"y":15,"objectData":""},{"index":2,"x":26,"y":16,"objectData":""},{"index":2,"x":26,"y":17,"objectData":""},{"index":2,"x":21,"y":19,"objectData":""},{"index":2,"x":24,"y":18,"objectData":""},{"index":2,"x":24,"y":17,"objectData":""},{"index":2,"x":23,"y":17,"objectData":""},{"index":2,"x":23,"y":18,"objectData":""},{"index":2,"x":24,"y":20,"objectData":""},{"index":2,"x":25,"y":20,"objectData":""},{"index":2,"x":25,"y":18,"objectData":""},{"index":2,"x":26,"y":18,"objectData":""},{"index":2,"x":26,"y":19,"objectData":""},{"index":2,"x":25,"y":19,"objectData":""},{"index":2,"x":24,"y":19,"objectData":""},{"index":2,"x":23,"y":19,"objectData":""},{"index":2,"x":23,"y":20,"objectData":""},{"index":2,"x":21,"y":20,"objectData":""},{"index":2,"x":22,"y":20,"objectData":""},{"index":2,"x":20,"y":20,"objectData":""},{"index":2,"x":20,"y":19,"objectData":""},{"index":2,"x":11,"y":19,"objectData":""},{"index":2,"x":11,"y":20,"objectData":""},{"index":2,"x":12,"y":20,"objectData":""},{"index":2,"x":12,"y":19,"objectData":""},{"index":2,"x":13,"y":19,"objectData":""},{"index":2,"x":13,"y":18,"objectData":""},{"index":2,"x":13,"y":17,"objectData":""},{"index":3,"x":12,"y":18,"objectData":"{\"enumTurret\":0}"},{"index":8,"x":12,"y":8,"objectData":"{}"},{"index":8,"x":12,"y":7,"objectData":"{}"},{"index":8,"x":12,"y":6,"objectData":"{}"},{"index":6,"x":20,"y":8,"objectData":""},{"index":9,"x":11,"y":9,"objectData":"{}"},{"index":9,"x":11,"y":8,"objectData":"{}"},{"index":9,"x":11,"y":7,"objectData":"{}"},{"index":9,"x":11,"y":6,"objectData":"{}"},{"index":9,"x":15,"y":21,"objectData":"{}"},{"index":9,"x":15,"y":20,"objectData":"{}"},{"index":9,"x":15,"y":19,"objectData":"{}"},{"index":9,"x":15,"y":18,"objectData":"{}"},{"index":8,"x":14,"y":21,"objectData":"{}"},{"index":8,"x":14,"y":20,"objectData":"{}"},{"index":8,"x":14,"y":19,"objectData":"{}"},{"index":8,"x":14,"y":18,"objectData":"{}"},{"index":8,"x":14,"y":17,"objectData":"{}"},{"index":8,"x":15,"y":17,"objectData":"{}"},{"index":8,"x":12,"y":9,"objectData":"{}"},{"index":8,"x":12,"y":10,"objectData":"{}"},{"index":8,"x":10,"y":10,"objectData":"{}"},{"index":8,"x":10,"y":9,"objectData":"{}"},{"index":8,"x":10,"y":8,"objectData":"{}"},{"index":8,"x":10,"y":7,"objectData":"{}"},{"index":8,"x":10,"y":6,"objectData":"{}"},{"index":9,"x":11,"y":5,"objectData":"{}"},{"index":9,"x":15,"y":22,"objectData":"{}"},{"index":4,"x":2,"y":19,"objectData":""},{"index":6,"x":8,"y":8,"objectData":""},{"index":5,"x":25,"y":14,"objectData":"{\"enumTurret\":1}"},{"index":8,"x":10,"y":11,"objectData":"{}"},{"index":8,"x":11,"y":11,"objectData":"{}"},{"index":8,"x":12,"y":11,"objectData":"{}"},{"index":8,"x":12,"y":12,"objectData":"{}"},{"index":8,"x":11,"y":12,"objectData":"{}"},{"index":8,"x":10,"y":12,"objectData":"{}"},{"index":9,"x":11,"y":10,"objectData":"{}"},{"index":2,"x":19,"y":18,"objectData":""},{"index":9,"x":16,"y":18,"objectData":"{}"},{"index":9,"x":17,"y":18,"objectData":"{}"},{"index":9,"x":17,"y":19,"objectData":"{}"},{"index":9,"x":17,"y":20,"objectData":"{}"},{"index":9,"x":17,"y":21,"objectData":"{}"},{"index":9,"x":17,"y":22,"objectData":"{}"},{"index":9,"x":16,"y":22,"objectData":"{}"},{"index":9,"x":16,"y":21,"objectData":"{}"},{"index":9,"x":16,"y":20,"objectData":"{}"},{"index":9,"x":16,"y":19,"objectData":"{}"},{"index":3,"x":22,"y":19,"objectData":"{\"enumTurret\":0}"},{"index":8,"x":16,"y":17,"objectData":"{}"},{"index":8,"x":17,"y":17,"objectData":"{}"},{"index":8,"x":18,"y":17,"objectData":"{}"},{"index":8,"x":18,"y":18,"objectData":"{}"},{"index":8,"x":18,"y":19,"objectData":"{}"},{"index":8,"x":18,"y":20,"objectData":"{}"},{"index":8,"x":18,"y":21,"objectData":"{}"}]}