{"gridWidth":40,"gridHeight":40,"objectList":[{"index":1,"x":17,"y":39,"objectData":"{}"},{"index":1,"x":18,"y":39,"objectData":"{}"},{"index":1,"x":19,"y":39,"objectData":"{}"},{"index":1,"x":20,"y":39,"objectData":"{}"},{"index":1,"x":21,"y":39,"objectData":"{}"},{"index":1,"x":23,"y":39,"objectData":"{}"},{"index":1,"x":24,"y":39,"objectData":"{}"},{"index":1,"x":25,"y":39,"objectData":"{}"},{"index":1,"x":26,"y":39,"objectData":"{}"},{"index":1,"x":27,"y":39,"objectData":"{}"},{"index":1,"x":28,"y":39,"objectData":"{}"},{"index":1,"x":29,"y":39,"objectData":"{}"},{"index":1,"x":30,"y":39,"objectData":"{}"},{"index":1,"x":30,"y":38,"objectData":"{}"},{"index":1,"x":30,"y":37,"objectData":"{}"},{"index":1,"x":30,"y":36,"objectData":"{}"},{"index":1,"x":30,"y":35,"objectData":"{}"},{"index":1,"x":30,"y":34,"objectData":"{}"},{"index":1,"x":30,"y":33,"objectData":"{}"},{"index":1,"x":30,"y":32,"objectData":"{}"},{"index":1,"x":30,"y":31,"objectData":"{}"},{"index":1,"x":30,"y":30,"objectData":"{}"},{"index":1,"x":30,"y":29,"objectData":"{}"},{"index":1,"x":30,"y":28,"objectData":"{}"},{"index":1,"x":31,"y":28,"objectData":"{}"},{"index":1,"x":32,"y":28,"objectData":"{}"},{"index":1,"x":33,"y":28,"objectData":"{}"},{"index":1,"x":34,"y":28,"objectData":"{}"},{"index":1,"x":35,"y":28,"objectData":"{}"},{"index":1,"x":36,"y":28,"objectData":"{}"},{"index":1,"x":37,"y":28,"objectData":"{}"},{"index":1,"x":38,"y":28,"objectData":"{}"},{"index":1,"x":38,"y":27,"objectData":"{}"},{"index":1,"x":38,"y":26,"objectData":"{}"},{"index":1,"x":38,"y":25,"objectData":"{}"},{"index":1,"x":38,"y":24,"objectData":"{}"},{"index":1,"x":38,"y":23,"objectData":"{}"},{"index":1,"x":38,"y":22,"objectData":"{}"},{"index":1,"x":38,"y":21,"objectData":"{}"},{"index":1,"x":38,"y":20,"objectData":"{}"},{"index":1,"x":38,"y":19,"objectData":"{}"},{"index":1,"x":38,"y":18,"objectData":"{}"},{"index":1,"x":38,"y":17,"objectData":"{}"},{"index":1,"x":34,"y":17,"objectData":"{}"},{"index":1,"x":35,"y":17,"objectData":"{}"},{"index":1,"x":36,"y":17,"objectData":"{}"},{"index":1,"x":37,"y":17,"objectData":"{}"},{"index":9,"x":33,"y":17,"objectData":"{}"},{"index":9,"x":32,"y":17,"objectData":"{}"},{"index":9,"x":32,"y":16,"objectData":"{}"},{"index":9,"x":32,"y":15,"objectData":"{}"},{"index":9,"x":32,"y":14,"objectData":"{}"},{"index":9,"x":32,"y":13,"objectData":"{}"},{"index":9,"x":32,"y":12,"objectData":"{}"},{"index":9,"x":32,"y":11,"objectData":"{}"},{"index":9,"x":32,"y":10,"objectData":"{}"},{"index":9,"x":32,"y":9,"objectData":"{}"},{"index":9,"x":32,"y":8,"objectData":"{}"},{"index":9,"x":32,"y":7,"objectData":"{}"},{"index":9,"x":32,"y":6,"objectData":"{}"},{"index":9,"x":32,"y":5,"objectData":"{}"},{"index":9,"x":32,"y":4,"objectData":"{}"},{"index":9,"x":32,"y":3,"objectData":"{}"},{"index":9,"x":32,"y":2,"objectData":"{}"},{"index":9,"x":31,"y":2,"objectData":"{}"},{"index":9,"x":30,"y":2,"objectData":"{}"},{"index":9,"x":29,"y":2,"objectData":"{}"},{"index":9,"x":28,"y":2,"objectData":"{}"},{"index":9,"x":27,"y":2,"objectData":"{}"},{"index":1,"x":26,"y":2,"objectData":"{}"},{"index":1,"x":26,"y":3,"objectData":"{}"},{"index":1,"x":26,"y":4,"objectData":"{}"},{"index":1,"x":26,"y":5,"objectData":"{}"},{"index":1,"x":26,"y":6,"objectData":"{}"},{"index":1,"x":25,"y":6,"objectData":"{}"},{"index":1,"x":24,"y":6,"objectData":"{}"},{"index":1,"x":24,"y":5,"objectData":"{}"},{"index":1,"x":25,"y":5,"objectData":"{}"},{"index":1,"x":25,"y":4,"objectData":"{}"},{"index":1,"x":25,"y":3,"objectData":"{}"},{"index":1,"x":24,"y":3,"objectData":"{}"},{"index":1,"x":24,"y":2,"objectData":"{}"},{"index":1,"x":25,"y":2,"objectData":"{}"},{"index":1,"x":24,"y":4,"objectData":"{}"},{"index":1,"x":23,"y":2,"objectData":"{}"},{"index":1,"x":22,"y":2,"objectData":"{}"},{"index":1,"x":21,"y":2,"objectData":"{}"},{"index":1,"x":20,"y":2,"objectData":"{}"},{"index":1,"x":19,"y":2,"objectData":"{}"},{"index":1,"x":18,"y":2,"objectData":"{}"},{"index":1,"x":17,"y":2,"objectData":"{}"},{"index":1,"x":16,"y":2,"objectData":"{}"},{"index":1,"x":15,"y":2,"objectData":"{}"},{"index":1,"x":14,"y":2,"objectData":"{}"},{"index":1,"x":13,"y":2,"objectData":"{}"},{"index":1,"x":12,"y":2,"objectData":"{}"},{"index":1,"x":11,"y":2,"objectData":"{}"},{"index":1,"x":10,"y":2,"objectData":"{}"},{"index":1,"x":9,"y":2,"objectData":"{}"},{"index":1,"x":8,"y":2,"objectData":"{}"},{"index":1,"x":7,"y":2,"objectData":"{}"},{"index":1,"x":16,"y":39,"objectData":"{}"},{"index":1,"x":15,"y":39,"objectData":"{}"},{"index":1,"x":14,"y":39,"objectData":"{}"},{"index":1,"x":14,"y":38,"objectData":"{}"},{"index":1,"x":14,"y":37,"objectData":"{}"},{"index":1,"x":14,"y":36,"objectData":"{}"},{"index":1,"x":14,"y":35,"objectData":"{}"},{"index":1,"x":14,"y":34,"objectData":"{}"},{"index":1,"x":14,"y":33,"objectData":"{}"},{"index":1,"x":14,"y":32,"objectData":"{}"},{"index":1,"x":14,"y":31,"objectData":"{}"},{"index":1,"x":14,"y":30,"objectData":"{}"},{"index":1,"x":14,"y":29,"objectData":"{}"},{"index":1,"x":14,"y":28,"objectData":"{}"},{"index":1,"x":13,"y":28,"objectData":"{}"},{"index":1,"x":12,"y":28,"objectData":"{}"},{"index":1,"x":11,"y":28,"objectData":"{}"},{"index":1,"x":10,"y":28,"objectData":"{}"},{"index":1,"x":9,"y":28,"objectData":"{}"},{"index":1,"x":8,"y":28,"objectData":"{}"},{"index":1,"x":7,"y":28,"objectData":"{}"},{"index":1,"x":6,"y":28,"objectData":"{}"},{"index":1,"x":5,"y":28,"objectData":"{}"},{"index":1,"x":4,"y":28,"objectData":"{}"},{"index":1,"x":4,"y":27,"objectData":"{}"},{"index":1,"x":4,"y":26,"objectData":"{}"},{"index":1,"x":4,"y":25,"objectData":"{}"},{"index":1,"x":4,"y":24,"objectData":"{}"},{"index":1,"x":4,"y":23,"objectData":"{}"},{"index":1,"x":4,"y":22,"objectData":"{}"},{"index":1,"x":4,"y":21,"objectData":"{}"},{"index":1,"x":4,"y":20,"objectData":"{}"},{"index":1,"x":4,"y":19,"objectData":"{}"},{"index":1,"x":4,"y":18,"objectData":"{}"},{"index":1,"x":4,"y":17,"objectData":"{}"},{"index":1,"x":4,"y":16,"objectData":"{}"},{"index":1,"x":4,"y":15,"objectData":"{}"},{"index":1,"x":4,"y":14,"objectData":"{}"},{"index":1,"x":4,"y":13,"objectData":"{}"},{"index":1,"x":4,"y":12,"objectData":"{}"},{"index":1,"x":4,"y":11,"objectData":"{}"},{"index":1,"x":4,"y":10,"objectData":"{}"},{"index":1,"x":4,"y":9,"objectData":"{}"},{"index":1,"x":4,"y":8,"objectData":"{}"},{"index":1,"x":4,"y":7,"objectData":"{}"},{"index":1,"x":4,"y":6,"objectData":"{}"},{"index":1,"x":4,"y":5,"objectData":"{}"},{"index":1,"x":4,"y":4,"objectData":"{}"},{"index":1,"x":4,"y":3,"objectData":"{}"},{"index":1,"x":4,"y":2,"objectData":"{}"},{"index":1,"x":5,"y":2,"objectData":"{}"},{"index":1,"x":6,"y":2,"objectData":"{}"},{"index":1,"x":22,"y":39,"objectData":"{}"},{"index":1,"x":22,"y":38,"objectData":"{}"},{"index":1,"x":22,"y":37,"objectData":"{}"},{"index":1,"x":22,"y":36,"objectData":"{}"},{"index":1,"x":22,"y":35,"objectData":"{}"},{"index":1,"x":22,"y":34,"objectData":"{}"},{"index":1,"x":22,"y":33,"objectData":"{}"},{"index":1,"x":22,"y":29,"objectData":"{}"},{"index":1,"x":22,"y":28,"objectData":"{}"},{"index":1,"x":22,"y":27,"objectData":"{}"},{"index":1,"x":22,"y":26,"objectData":"{}"},{"index":1,"x":22,"y":25,"objectData":"{}"},{"index":1,"x":22,"y":24,"objectData":"{}"},{"index":1,"x":22,"y":23,"objectData":"{}"},{"index":1,"x":22,"y":22,"objectData":"{}"},{"index":1,"x":22,"y":21,"objectData":"{}"},{"index":1,"x":13,"y":20,"objectData":"{}"},{"index":1,"x":14,"y":20,"objectData":"{}"},{"index":1,"x":15,"y":20,"objectData":"{}"},{"index":1,"x":16,"y":20,"objectData":"{}"},{"index":1,"x":17,"y":20,"objectData":"{}"},{"index":1,"x":18,"y":20,"objectData":"{}"},{"index":1,"x":19,"y":20,"objectData":"{}"},{"index":1,"x":20,"y":20,"objectData":"{}"},{"index":1,"x":21,"y":20,"objectData":"{}"},{"index":1,"x":22,"y":20,"objectData":"{}"},{"index":1,"x":23,"y":20,"objectData":"{}"},{"index":1,"x":24,"y":20,"objectData":"{}"},{"index":1,"x":25,"y":20,"objectData":"{}"},{"index":1,"x":12,"y":20,"objectData":"{}"},{"index":1,"x":11,"y":20,"objectData":"{}"},{"index":1,"x":11,"y":17,"objectData":"{}"},{"index":1,"x":11,"y":16,"objectData":"{}"},{"index":1,"x":11,"y":15,"objectData":"{}"},{"index":1,"x":11,"y":14,"objectData":"{}"},{"index":1,"x":11,"y":13,"objectData":"{}"},{"index":1,"x":11,"y":12,"objectData":"{}"},{"index":1,"x":11,"y":11,"objectData":"{}"},{"index":1,"x":11,"y":19,"objectData":"{}"},{"index":1,"x":11,"y":18,"objectData":"{}"},{"index":1,"x":11,"y":10,"objectData":"{}"},{"index":6,"x":18,"y":28,"objectData":""},{"index":6,"x":8,"y":22,"objectData":""},{"index":3,"x":13,"y":24,"objectData":"{\"enumTurret\":0}"},{"index":3,"x":26,"y":36,"objectData":"{\"enumTurret\":0}"},{"index":3,"x":26,"y":26,"objectData":"{\"enumTurret\":0}"},{"index":6,"x":26,"y":31,"objectData":""},{"index":7,"x":25,"y":11,"objectData":""},{"index":8,"x":24,"y":19,"objectData":"{}"},{"index":8,"x":24,"y":18,"objectData":"{}"},{"index":8,"x":24,"y":17,"objectData":"{}"},{"index":8,"x":24,"y":16,"objectData":"{}"},{"index":8,"x":24,"y":15,"objectData":"{}"},{"index":6,"x":29,"y":14,"objectData":""},{"index":2,"x":15,"y":38,"objectData":""},{"index":2,"x":16,"y":38,"objectData":""},{"index":2,"x":17,"y":38,"objectData":""},{"index":2,"x":18,"y":38,"objectData":""},{"index":2,"x":19,"y":38,"objectData":""},{"index":2,"x":20,"y":38,"objectData":""},{"index":2,"x":21,"y":38,"objectData":""},{"index":2,"x":21,"y":37,"objectData":""},{"index":2,"x":21,"y":36,"objectData":""},{"index":2,"x":21,"y":35,"objectData":""},{"index":2,"x":21,"y":34,"objectData":""},{"index":2,"x":21,"y":33,"objectData":""},{"index":2,"x":21,"y":32,"objectData":""},{"index":2,"x":21,"y":31,"objectData":""},{"index":2,"x":21,"y":30,"objectData":""},{"index":2,"x":21,"y":29,"objectData":""},{"index":2,"x":21,"y":28,"objectData":""},{"index":2,"x":21,"y":27,"objectData":""},{"index":2,"x":21,"y":26,"objectData":""},{"index":2,"x":21,"y":25,"objectData":""},{"index":2,"x":21,"y":24,"objectData":""},{"index":2,"x":21,"y":23,"objectData":""},{"index":2,"x":21,"y":22,"objectData":""},{"index":2,"x":21,"y":21,"objectData":""},{"index":2,"x":20,"y":21,"objectData":""},{"index":2,"x":19,"y":21,"objectData":""},{"index":2,"x":18,"y":21,"objectData":""},{"index":2,"x":17,"y":21,"objectData":""},{"index":2,"x":16,"y":21,"objectData":""},{"index":2,"x":15,"y":21,"objectData":""},{"index":2,"x":14,"y":21,"objectData":""},{"index":2,"x":13,"y":21,"objectData":""},{"index":2,"x":12,"y":21,"objectData":""},{"index":2,"x":11,"y":22,"objectData":""},{"index":2,"x":12,"y":22,"objectData":""},{"index":2,"x":13,"y":22,"objectData":""},{"index":2,"x":14,"y":22,"objectData":""},{"index":2,"x":15,"y":22,"objectData":""},{"index":2,"x":16,"y":22,"objectData":""},{"index":2,"x":17,"y":22,"objectData":""},{"index":2,"x":18,"y":22,"objectData":""},{"index":2,"x":19,"y":22,"objectData":""},{"index":2,"x":20,"y":22,"objectData":""},{"index":2,"x":20,"y":23,"objectData":""},{"index":2,"x":19,"y":23,"objectData":""},{"index":2,"x":18,"y":23,"objectData":""},{"index":2,"x":17,"y":23,"objectData":""},{"index":2,"x":16,"y":23,"objectData":""},{"index":2,"x":15,"y":23,"objectData":""},{"index":2,"x":14,"y":23,"objectData":""},{"index":2,"x":13,"y":23,"objectData":""},{"index":2,"x":12,"y":23,"objectData":""},{"index":2,"x":11,"y":23,"objectData":""},{"index":2,"x":11,"y":24,"objectData":""},{"index":2,"x":12,"y":24,"objectData":""},{"index":2,"x":11,"y":25,"objectData":""},{"index":2,"x":11,"y":26,"objectData":""},{"index":2,"x":11,"y":27,"objectData":""},{"index":2,"x":12,"y":27,"objectData":""},{"index":2,"x":13,"y":27,"objectData":""},{"index":2,"x":14,"y":27,"objectData":""},{"index":2,"x":15,"y":26,"objectData":""},{"index":2,"x":15,"y":24,"objectData":""},{"index":2,"x":14,"y":24,"objectData":""},{"index":2,"x":13,"y":25,"objectData":""},{"index":2,"x":12,"y":25,"objectData":""},{"index":2,"x":12,"y":26,"objectData":""},{"index":2,"x":13,"y":26,"objectData":""},{"index":2,"x":14,"y":26,"objectData":""},{"index":2,"x":14,"y":25,"objectData":""},{"index":2,"x":15,"y":25,"objectData":""},{"index":2,"x":16,"y":25,"objectData":""},{"index":2,"x":16,"y":24,"objectData":""},{"index":2,"x":17,"y":24,"objectData":""},{"index":2,"x":18,"y":24,"objectData":""},{"index":2,"x":19,"y":24,"objectData":""},{"index":2,"x":20,"y":24,"objectData":""},{"index":2,"x":20,"y":25,"objectData":""},{"index":2,"x":20,"y":26,"objectData":""},{"index":2,"x":17,"y":25,"objectData":""},{"index":2,"x":18,"y":25,"objectData":""},{"index":2,"x":19,"y":25,"objectData":""},{"index":2,"x":19,"y":26,"objectData":""},{"index":2,"x":18,"y":26,"objectData":""},{"index":2,"x":15,"y":27,"objectData":""},{"index":2,"x":16,"y":27,"objectData":""},{"index":2,"x":16,"y":26,"objectData":""},{"index":2,"x":17,"y":26,"objectData":""},{"index":2,"x":17,"y":27,"objectData":""},{"index":2,"x":18,"y":27,"objectData":""},{"index":2,"x":19,"y":27,"objectData":""},{"index":2,"x":20,"y":27,"objectData":""},{"index":2,"x":20,"y":28,"objectData":""},{"index":2,"x":19,"y":28,"objectData":""},{"index":2,"x":20,"y":29,"objectData":""},{"index":2,"x":20,"y":30,"objectData":""},{"index":2,"x":20,"y":31,"objectData":""},{"index":2,"x":20,"y":32,"objectData":""},{"index":2,"x":20,"y":33,"objectData":""},{"index":2,"x":20,"y":34,"objectData":""},{"index":2,"x":20,"y":35,"objectData":""},{"index":2,"x":20,"y":36,"objectData":""},{"index":2,"x":20,"y":37,"objectData":""},{"index":2,"x":19,"y":37,"objectData":""},{"index":2,"x":19,"y":36,"objectData":""},{"index":2,"x":19,"y":35,"objectData":""},{"index":2,"x":19,"y":34,"objectData":""},{"index":2,"x":19,"y":33,"objectData":""},{"index":2,"x":19,"y":32,"objectData":""},{"index":2,"x":19,"y":31,"objectData":""},{"index":2,"x":19,"y":30,"objectData":""},{"index":2,"x":19,"y":29,"objectData":""},{"index":2,"x":18,"y":29,"objectData":""},{"index":2,"x":18,"y":30,"objectData":""},{"index":2,"x":18,"y":31,"objectData":""},{"index":2,"x":18,"y":32,"objectData":""},{"index":2,"x":18,"y":33,"objectData":""},{"index":2,"x":18,"y":34,"objectData":""},{"index":2,"x":18,"y":35,"objectData":""},{"index":2,"x":18,"y":36,"objectData":""},{"index":2,"x":17,"y":37,"objectData":""},{"index":2,"x":17,"y":36,"objectData":""},{"index":2,"x":17,"y":35,"objectData":""},{"index":2,"x":17,"y":34,"objectData":""},{"index":2,"x":17,"y":33,"objectData":""},{"index":2,"x":17,"y":32,"objectData":""},{"index":2,"x":17,"y":31,"objectData":""},{"index":2,"x":17,"y":30,"objectData":""},{"index":2,"x":17,"y":29,"objectData":""},{"index":2,"x":16,"y":29,"objectData":""},{"index":2,"x":17,"y":28,"objectData":""},{"index":2,"x":16,"y":28,"objectData":""},{"index":2,"x":15,"y":28,"objectData":""},{"index":2,"x":15,"y":29,"objectData":""},{"index":2,"x":15,"y":30,"objectData":""},{"index":2,"x":16,"y":30,"objectData":""},{"index":2,"x":16,"y":31,"objectData":""},{"index":2,"x":15,"y":31,"objectData":""},{"index":2,"x":15,"y":32,"objectData":""},{"index":2,"x":16,"y":32,"objectData":""},{"index":2,"x":16,"y":33,"objectData":""},{"index":2,"x":15,"y":33,"objectData":""},{"index":2,"x":15,"y":34,"objectData":""},{"index":2,"x":16,"y":34,"objectData":""},{"index":2,"x":16,"y":35,"objectData":""},{"index":2,"x":15,"y":35,"objectData":""},{"index":2,"x":15,"y":36,"objectData":""},{"index":2,"x":15,"y":37,"objectData":""},{"index":2,"x":16,"y":37,"objectData":""},{"index":2,"x":16,"y":36,"objectData":""},{"index":2,"x":10,"y":27,"objectData":""},{"index":2,"x":10,"y":26,"objectData":""},{"index":2,"x":10,"y":25,"objectData":""},{"index":2,"x":10,"y":24,"objectData":""},{"index":2,"x":10,"y":23,"objectData":""},{"index":2,"x":10,"y":22,"objectData":""},{"index":2,"x":11,"y":21,"objectData":""},{"index":2,"x":10,"y":21,"objectData":""},{"index":2,"x":10,"y":20,"objectData":""},{"index":2,"x":10,"y":19,"objectData":""},{"index":2,"x":10,"y":18,"objectData":""},{"index":2,"x":10,"y":17,"objectData":""},{"index":2,"x":10,"y":16,"objectData":""},{"index":2,"x":10,"y":15,"objectData":""},{"index":2,"x":10,"y":14,"objectData":""},{"index":2,"x":10,"y":13,"objectData":""},{"index":2,"x":10,"y":12,"objectData":""},{"index":2,"x":10,"y":11,"objectData":""},{"index":2,"x":10,"y":10,"objectData":""},{"index":2,"x":10,"y":6,"objectData":""},{"index":2,"x":10,"y":5,"objectData":""},{"index":2,"x":10,"y":4,"objectData":""},{"index":2,"x":10,"y":3,"objectData":""},{"index":2,"x":9,"y":3,"objectData":""},{"index":2,"x":9,"y":4,"objectData":""},{"index":2,"x":9,"y":5,"objectData":""},{"index":2,"x":9,"y":6,"objectData":""},{"index":2,"x":9,"y":8,"objectData":""},{"index":2,"x":9,"y":10,"objectData":""},{"index":2,"x":9,"y":11,"objectData":""},{"index":2,"x":9,"y":12,"objectData":""},{"index":2,"x":9,"y":13,"objectData":""},{"index":2,"x":9,"y":14,"objectData":""},{"index":2,"x":9,"y":15,"objectData":""},{"index":2,"x":9,"y":16,"objectData":""},{"index":2,"x":9,"y":17,"objectData":""},{"index":2,"x":9,"y":18,"objectData":""},{"index":2,"x":9,"y":19,"objectData":""},{"index":2,"x":9,"y":20,"objectData":""},{"index":2,"x":9,"y":21,"objectData":""},{"index":2,"x":9,"y":22,"objectData":""},{"index":2,"x":9,"y":23,"objectData":""},{"index":2,"x":9,"y":24,"objectData":""},{"index":2,"x":9,"y":26,"objectData":""},{"index":2,"x":9,"y":27,"objectData":""},{"index":2,"x":8,"y":27,"objectData":""},{"index":2,"x":7,"y":27,"objectData":""},{"index":2,"x":6,"y":27,"objectData":""},{"index":2,"x":5,"y":27,"objectData":""},{"index":2,"x":5,"y":26,"objectData":""},{"index":2,"x":6,"y":26,"objectData":""},{"index":2,"x":7,"y":26,"objectData":""},{"index":2,"x":8,"y":26,"objectData":""},{"index":2,"x":9,"y":25,"objectData":""},{"index":2,"x":8,"y":25,"objectData":""},{"index":2,"x":8,"y":23,"objectData":""},{"index":2,"x":8,"y":24,"objectData":""},{"index":2,"x":7,"y":25,"objectData":""},{"index":2,"x":6,"y":25,"objectData":""},{"index":2,"x":5,"y":25,"objectData":""},{"index":2,"x":5,"y":24,"objectData":""},{"index":2,"x":5,"y":23,"objectData":""},{"index":2,"x":5,"y":22,"objectData":""},{"index":2,"x":5,"y":21,"objectData":""},{"index":2,"x":5,"y":20,"objectData":""},{"index":2,"x":5,"y":19,"objectData":""},{"index":2,"x":5,"y":18,"objectData":""},{"index":2,"x":5,"y":17,"objectData":""},{"index":2,"x":5,"y":16,"objectData":""},{"index":2,"x":5,"y":15,"objectData":""},{"index":2,"x":5,"y":14,"objectData":""},{"index":2,"x":5,"y":13,"objectData":""},{"index":2,"x":5,"y":12,"objectData":""},{"index":2,"x":5,"y":11,"objectData":""},{"index":2,"x":5,"y":10,"objectData":""},{"index":2,"x":5,"y":9,"objectData":""},{"index":2,"x":5,"y":8,"objectData":""},{"index":2,"x":5,"y":7,"objectData":""},{"index":2,"x":5,"y":6,"objectData":""},{"index":2,"x":5,"y":5,"objectData":""},{"index":2,"x":5,"y":4,"objectData":""},{"index":2,"x":5,"y":3,"objectData":""},{"index":2,"x":6,"y":3,"objectData":""},{"index":2,"x":7,"y":3,"objectData":""},{"index":2,"x":8,"y":3,"objectData":""},{"index":6,"x":8,"y":5,"objectData":""},{"index":2,"x":8,"y":4,"objectData":""},{"index":2,"x":7,"y":4,"objectData":""},{"index":2,"x":6,"y":4,"objectData":""},{"index":2,"x":6,"y":5,"objectData":""},{"index":2,"x":7,"y":5,"objectData":""},{"index":2,"x":7,"y":6,"objectData":""},{"index":2,"x":8,"y":6,"objectData":""},{"index":2,"x":8,"y":7,"objectData":""},{"index":2,"x":9,"y":7,"objectData":""},{"index":2,"x":10,"y":7,"objectData":""},{"index":2,"x":11,"y":8,"objectData":""},{"index":2,"x":10,"y":9,"objectData":""},{"index":2,"x":9,"y":9,"objectData":""},{"index":2,"x":8,"y":9,"objectData":""},{"index":2,"x":8,"y":8,"objectData":""},{"index":2,"x":6,"y":8,"objectData":""},{"index":2,"x":6,"y":7,"objectData":""},{"index":2,"x":6,"y":6,"objectData":""},{"index":2,"x":7,"y":7,"objectData":""},{"index":2,"x":7,"y":8,"objectData":""},{"index":2,"x":7,"y":10,"objectData":""},{"index":2,"x":7,"y":11,"objectData":""},{"index":2,"x":7,"y":12,"objectData":""},{"index":2,"x":7,"y":13,"objectData":""},{"index":2,"x":7,"y":14,"objectData":""},{"index":2,"x":7,"y":15,"objectData":""},{"index":2,"x":7,"y":16,"objectData":""},{"index":2,"x":7,"y":17,"objectData":""},{"index":2,"x":7,"y":18,"objectData":""},{"index":2,"x":7,"y":19,"objectData":""},{"index":2,"x":7,"y":20,"objectData":""},{"index":2,"x":7,"y":21,"objectData":""},{"index":2,"x":8,"y":21,"objectData":""},{"index":2,"x":8,"y":20,"objectData":""},{"index":2,"x":8,"y":19,"objectData":""},{"index":2,"x":8,"y":18,"objectData":""},{"index":2,"x":8,"y":17,"objectData":""},{"index":2,"x":8,"y":16,"objectData":""},{"index":2,"x":8,"y":15,"objectData":""},{"index":2,"x":8,"y":14,"objectData":""},{"index":2,"x":8,"y":13,"objectData":""},{"index":2,"x":8,"y":12,"objectData":""},{"index":2,"x":8,"y":11,"objectData":""},{"index":2,"x":8,"y":10,"objectData":""},{"index":2,"x":7,"y":9,"objectData":""},{"index":2,"x":6,"y":9,"objectData":""},{"index":2,"x":6,"y":10,"objectData":""},{"index":2,"x":6,"y":11,"objectData":""},{"index":2,"x":6,"y":12,"objectData":""},{"index":2,"x":6,"y":13,"objectData":""},{"index":2,"x":6,"y":14,"objectData":""},{"index":2,"x":6,"y":15,"objectData":""},{"index":2,"x":6,"y":16,"objectData":""},{"index":2,"x":6,"y":17,"objectData":""},{"index":2,"x":6,"y":18,"objectData":""},{"index":2,"x":6,"y":19,"objectData":""},{"index":2,"x":6,"y":20,"objectData":""},{"index":2,"x":6,"y":21,"objectData":""},{"index":2,"x":6,"y":22,"objectData":""},{"index":2,"x":6,"y":23,"objectData":""},{"index":2,"x":6,"y":24,"objectData":""},{"index":2,"x":7,"y":24,"objectData":""},{"index":2,"x":7,"y":23,"objectData":""},{"index":2,"x":7,"y":22,"objectData":""},{"index":2,"x":11,"y":9,"objectData":""},{"index":2,"x":12,"y":8,"objectData":""},{"index":2,"x":11,"y":7,"objectData":""},{"index":2,"x":11,"y":6,"objectData":""},{"index":2,"x":11,"y":3,"objectData":""},{"index":2,"x":12,"y":3,"objectData":""},{"index":2,"x":13,"y":3,"objectData":""},{"index":2,"x":14,"y":3,"objectData":""},{"index":2,"x":15,"y":3,"objectData":""},{"index":2,"x":16,"y":3,"objectData":""},{"index":2,"x":17,"y":3,"objectData":""},{"index":2,"x":18,"y":3,"objectData":""},{"index":2,"x":19,"y":3,"objectData":""},{"index":2,"x":20,"y":3,"objectData":""},{"index":2,"x":21,"y":3,"objectData":""},{"index":2,"x":22,"y":3,"objectData":""},{"index":2,"x":23,"y":3,"objectData":""},{"index":2,"x":23,"y":4,"objectData":""},{"index":2,"x":23,"y":5,"objectData":""},{"index":2,"x":23,"y":6,"objectData":""},{"index":2,"x":20,"y":6,"objectData":""},{"index":2,"x":13,"y":5,"objectData":""},{"index":2,"x":12,"y":5,"objectData":""},{"index":2,"x":11,"y":5,"objectData":""},{"index":2,"x":11,"y":4,"objectData":""},{"index":2,"x":12,"y":4,"objectData":""},{"index":2,"x":13,"y":4,"objectData":""},{"index":2,"x":14,"y":4,"objectData":""},{"index":2,"x":15,"y":4,"objectData":""},{"index":2,"x":16,"y":4,"objectData":""},{"index":2,"x":17,"y":4,"objectData":""},{"index":2,"x":18,"y":4,"objectData":""},{"index":2,"x":19,"y":4,"objectData":""},{"index":2,"x":20,"y":4,"objectData":""},{"index":2,"x":21,"y":4,"objectData":""},{"index":2,"x":22,"y":4,"objectData":""},{"index":2,"x":22,"y":5,"objectData":""},{"index":2,"x":22,"y":6,"objectData":""},{"index":2,"x":21,"y":6,"objectData":""},{"index":2,"x":21,"y":5,"objectData":""},{"index":2,"x":20,"y":5,"objectData":""},{"index":2,"x":19,"y":5,"objectData":""},{"index":2,"x":18,"y":5,"objectData":""},{"index":2,"x":17,"y":5,"objectData":""},{"index":2,"x":16,"y":5,"objectData":""},{"index":2,"x":15,"y":5,"objectData":""},{"index":2,"x":14,"y":5,"objectData":""},{"index":2,"x":14,"y":6,"objectData":""},{"index":2,"x":13,"y":6,"objectData":""},{"index":2,"x":12,"y":6,"objectData":""},{"index":2,"x":12,"y":7,"objectData":""},{"index":2,"x":13,"y":7,"objectData":""},{"index":2,"x":14,"y":7,"objectData":""},{"index":2,"x":18,"y":6,"objectData":""},{"index":2,"x":15,"y":7,"objectData":""},{"index":2,"x":15,"y":6,"objectData":""},{"index":2,"x":16,"y":6,"objectData":""},{"index":2,"x":17,"y":6,"objectData":""},{"index":2,"x":17,"y":7,"objectData":""},{"index":2,"x":16,"y":7,"objectData":""},{"index":2,"x":16,"y":8,"objectData":""},{"index":2,"x":15,"y":8,"objectData":""},{"index":2,"x":14,"y":8,"objectData":""},{"index":2,"x":13,"y":8,"objectData":""},{"index":2,"x":13,"y":9,"objectData":""},{"index":2,"x":12,"y":9,"objectData":""},{"index":2,"x":12,"y":10,"objectData":""},{"index":2,"x":13,"y":10,"objectData":""},{"index":2,"x":14,"y":10,"objectData":""},{"index":2,"x":15,"y":10,"objectData":""},{"index":2,"x":14,"y":9,"objectData":""},{"index":2,"x":15,"y":9,"objectData":""},{"index":2,"x":13,"y":11,"objectData":""},{"index":2,"x":12,"y":11,"objectData":""},{"index":2,"x":12,"y":14,"objectData":""},{"index":2,"x":12,"y":15,"objectData":""},{"index":2,"x":12,"y":16,"objectData":""},{"index":2,"x":12,"y":17,"objectData":""},{"index":2,"x":12,"y":18,"objectData":""},{"index":2,"x":13,"y":18,"objectData":""},{"index":2,"x":12,"y":19,"objectData":""},{"index":2,"x":13,"y":19,"objectData":""},{"index":2,"x":14,"y":19,"objectData":""},{"index":2,"x":15,"y":19,"objectData":""},{"index":2,"x":16,"y":19,"objectData":""},{"index":2,"x":17,"y":19,"objectData":""},{"index":2,"x":18,"y":19,"objectData":""},{"index":2,"x":19,"y":19,"objectData":""},{"index":2,"x":20,"y":19,"objectData":""},{"index":2,"x":21,"y":19,"objectData":""},{"index":2,"x":22,"y":19,"objectData":""},{"index":2,"x":23,"y":19,"objectData":""},{"index":2,"x":23,"y":18,"objectData":""},{"index":2,"x":23,"y":17,"objectData":""},{"index":2,"x":23,"y":16,"objectData":""},{"index":2,"x":23,"y":15,"objectData":""},{"index":2,"x":23,"y":14,"objectData":""},{"index":2,"x":23,"y":13,"objectData":""},{"index":2,"x":22,"y":13,"objectData":""},{"index":2,"x":18,"y":17,"objectData":""},{"index":2,"x":17,"y":17,"objectData":""},{"index":2,"x":16,"y":17,"objectData":""},{"index":2,"x":18,"y":13,"objectData":""},{"index":2,"x":18,"y":15,"objectData":""},{"index":2,"x":18,"y":14,"objectData":""},{"index":2,"x":19,"y":16,"objectData":""},{"index":2,"x":18,"y":16,"objectData":""},{"index":2,"x":17,"y":16,"objectData":""},{"index":2,"x":16,"y":16,"objectData":""},{"index":2,"x":14,"y":16,"objectData":""},{"index":2,"x":12,"y":13,"objectData":""},{"index":2,"x":12,"y":12,"objectData":""},{"index":2,"x":13,"y":12,"objectData":""},{"index":2,"x":14,"y":15,"objectData":""},{"index":2,"x":14,"y":14,"objectData":""},{"index":2,"x":14,"y":13,"objectData":""},{"index":2,"x":17,"y":15,"objectData":""},{"index":2,"x":16,"y":9,"objectData":""},{"index":2,"x":16,"y":10,"objectData":""},{"index":2,"x":16,"y":11,"objectData":""},{"index":2,"x":15,"y":13,"objectData":""},{"index":2,"x":15,"y":14,"objectData":""},{"index":2,"x":15,"y":15,"objectData":""},{"index":2,"x":15,"y":17,"objectData":""},{"index":2,"x":15,"y":16,"objectData":""},{"index":2,"x":16,"y":14,"objectData":""},{"index":2,"x":16,"y":12,"objectData":""},{"index":2,"x":17,"y":12,"objectData":""},{"index":2,"x":17,"y":13,"objectData":""},{"index":2,"x":17,"y":14,"objectData":""},{"index":2,"x":16,"y":13,"objectData":""},{"index":2,"x":15,"y":12,"objectData":""},{"index":2,"x":15,"y":11,"objectData":""},{"index":2,"x":14,"y":11,"objectData":""},{"index":2,"x":14,"y":12,"objectData":""},{"index":2,"x":13,"y":13,"objectData":""},{"index":2,"x":13,"y":14,"objectData":""},{"index":2,"x":13,"y":15,"objectData":""},{"index":2,"x":13,"y":16,"objectData":""},{"index":2,"x":13,"y":17,"objectData":""},{"index":2,"x":14,"y":17,"objectData":""},{"index":2,"x":14,"y":18,"objectData":""},{"index":2,"x":15,"y":18,"objectData":""},{"index":2,"x":16,"y":18,"objectData":""},{"index":2,"x":17,"y":18,"objectData":""},{"index":2,"x":18,"y":18,"objectData":""},{"index":2,"x":19,"y":18,"objectData":""},{"index":2,"x":20,"y":18,"objectData":""},{"index":2,"x":21,"y":18,"objectData":""},{"index":2,"x":22,"y":18,"objectData":""},{"index":2,"x":22,"y":16,"objectData":""},{"index":2,"x":22,"y":15,"objectData":""},{"index":2,"x":22,"y":14,"objectData":""},{"index":2,"x":21,"y":15,"objectData":""},{"index":2,"x":19,"y":17,"objectData":""},{"index":2,"x":21,"y":16,"objectData":""},{"index":2,"x":22,"y":17,"objectData":""},{"index":2,"x":21,"y":17,"objectData":""},{"index":2,"x":20,"y":17,"objectData":""},{"index":2,"x":20,"y":16,"objectData":""},{"index":2,"x":20,"y":15,"objectData":""},{"index":2,"x":21,"y":14,"objectData":""},{"index":2,"x":21,"y":13,"objectData":""},{"index":2,"x":19,"y":12,"objectData":""},{"index":2,"x":19,"y":15,"objectData":""},{"index":2,"x":19,"y":14,"objectData":""},{"index":2,"x":19,"y":13,"objectData":""},{"index":2,"x":19,"y":11,"objectData":""},{"index":2,"x":20,"y":14,"objectData":""},{"index":2,"x":20,"y":13,"objectData":""},{"index":2,"x":20,"y":12,"objectData":""},{"index":2,"x":20,"y":11,"objectData":""},{"index":2,"x":19,"y":10,"objectData":""},{"index":2,"x":17,"y":11,"objectData":""},{"index":2,"x":18,"y":12,"objectData":""},{"index":2,"x":18,"y":11,"objectData":""},{"index":2,"x":17,"y":10,"objectData":""},{"index":2,"x":17,"y":9,"objectData":""},{"index":2,"x":17,"y":8,"objectData":""},{"index":2,"x":18,"y":10,"objectData":""},{"index":2,"x":18,"y":9,"objectData":""},{"index":2,"x":18,"y":8,"objectData":""},{"index":2,"x":18,"y":7,"objectData":""},{"index":2,"x":19,"y":6,"objectData":""},{"index":2,"x":19,"y":7,"objectData":""},{"index":2,"x":20,"y":7,"objectData":""},{"index":2,"x":21,"y":7,"objectData":""},{"index":2,"x":22,"y":7,"objectData":""},{"index":2,"x":23,"y":7,"objectData":""},{"index":2,"x":26,"y":7,"objectData":""},{"index":2,"x":25,"y":7,"objectData":""},{"index":2,"x":24,"y":7,"objectData":""},{"index":2,"x":19,"y":8,"objectData":""},{"index":2,"x":20,"y":8,"objectData":""},{"index":2,"x":26,"y":8,"objectData":""},{"index":2,"x":25,"y":8,"objectData":""},{"index":2,"x":24,"y":8,"objectData":""},{"index":2,"x":23,"y":8,"objectData":""},{"index":2,"x":22,"y":8,"objectData":""},{"index":2,"x":21,"y":8,"objectData":""},{"index":2,"x":19,"y":9,"objectData":""},{"index":2,"x":27,"y":9,"objectData":""},{"index":2,"x":26,"y":9,"objectData":""},{"index":2,"x":25,"y":9,"objectData":""},{"index":2,"x":24,"y":9,"objectData":""},{"index":2,"x":23,"y":9,"objectData":""},{"index":2,"x":22,"y":9,"objectData":""},{"index":2,"x":21,"y":9,"objectData":""},{"index":2,"x":20,"y":9,"objectData":""},{"index":2,"x":20,"y":10,"objectData":""},{"index":2,"x":21,"y":10,"objectData":""},{"index":2,"x":22,"y":10,"objectData":""},{"index":2,"x":23,"y":10,"objectData":""},{"index":2,"x":24,"y":10,"objectData":""},{"index":2,"x":25,"y":10,"objectData":""},{"index":2,"x":26,"y":10,"objectData":""},{"index":2,"x":27,"y":10,"objectData":""},{"index":2,"x":26,"y":11,"objectData":""},{"index":2,"x":26,"y":12,"objectData":""},{"index":2,"x":25,"y":12,"objectData":""},{"index":2,"x":23,"y":12,"objectData":""},{"index":2,"x":22,"y":12,"objectData":""},{"index":2,"x":21,"y":12,"objectData":""},{"index":2,"x":21,"y":11,"objectData":""},{"index":2,"x":22,"y":11,"objectData":""},{"index":2,"x":23,"y":11,"objectData":""},{"index":2,"x":24,"y":11,"objectData":""},{"index":2,"x":24,"y":12,"objectData":""},{"index":2,"x":24,"y":13,"objectData":""},{"index":2,"x":25,"y":13,"objectData":""},{"index":2,"x":26,"y":13,"objectData":""},{"index":2,"x":27,"y":13,"objectData":""},{"index":2,"x":28,"y":12,"objectData":""},{"index":2,"x":29,"y":9,"objectData":""},{"index":2,"x":30,"y":7,"objectData":""},{"index":2,"x":31,"y":6,"objectData":""},{"index":2,"x":31,"y":5,"objectData":""},{"index":2,"x":31,"y":4,"objectData":""},{"index":2,"x":31,"y":3,"objectData":""},{"index":2,"x":30,"y":3,"objectData":""},{"index":2,"x":29,"y":3,"objectData":""},{"index":2,"x":28,"y":3,"objectData":""},{"index":2,"x":27,"y":3,"objectData":""},{"index":2,"x":27,"y":4,"objectData":""},{"index":2,"x":28,"y":4,"objectData":""},{"index":2,"x":29,"y":4,"objectData":""},{"index":2,"x":30,"y":4,"objectData":""},{"index":2,"x":30,"y":5,"objectData":""},{"index":2,"x":30,"y":6,"objectData":""},{"index":2,"x":29,"y":6,"objectData":""},{"index":2,"x":29,"y":7,"objectData":""},{"index":2,"x":27,"y":8,"objectData":""},{"index":2,"x":27,"y":7,"objectData":""},{"index":2,"x":27,"y":6,"objectData":""},{"index":2,"x":27,"y":5,"objectData":""},{"index":2,"x":28,"y":5,"objectData":""},{"index":2,"x":28,"y":6,"objectData":""},{"index":2,"x":28,"y":7,"objectData":""},{"index":2,"x":28,"y":8,"objectData":""},{"index":2,"x":28,"y":9,"objectData":""},{"index":2,"x":28,"y":10,"objectData":""},{"index":2,"x":27,"y":11,"objectData":""},{"index":2,"x":27,"y":12,"objectData":""},{"index":2,"x":28,"y":11,"objectData":""},{"index":2,"x":29,"y":12,"objectData":""},{"index":2,"x":28,"y":13,"objectData":""},{"index":2,"x":29,"y":13,"objectData":""},{"index":2,"x":30,"y":13,"objectData":""},{"index":2,"x":31,"y":12,"objectData":""},{"index":2,"x":31,"y":11,"objectData":""},{"index":2,"x":31,"y":10,"objectData":""},{"index":2,"x":31,"y":9,"objectData":""},{"index":2,"x":31,"y":8,"objectData":""},{"index":2,"x":31,"y":7,"objectData":""},{"index":2,"x":30,"y":8,"objectData":""},{"index":2,"x":30,"y":9,"objectData":""},{"index":2,"x":29,"y":10,"objectData":""},{"index":2,"x":29,"y":11,"objectData":""},{"index":2,"x":30,"y":10,"objectData":""},{"index":2,"x":30,"y":11,"objectData":""},{"index":2,"x":30,"y":12,"objectData":""},{"index":2,"x":31,"y":13,"objectData":""},{"index":2,"x":31,"y":14,"objectData":""},{"index":2,"x":30,"y":14,"objectData":""},{"index":2,"x":31,"y":15,"objectData":""},{"index":2,"x":30,"y":15,"objectData":""},{"index":2,"x":29,"y":15,"objectData":""},{"index":2,"x":28,"y":15,"objectData":""},{"index":2,"x":28,"y":14,"objectData":""},{"index":2,"x":27,"y":14,"objectData":""},{"index":2,"x":26,"y":14,"objectData":""},{"index":2,"x":24,"y":14,"objectData":""},{"index":2,"x":25,"y":14,"objectData":""},{"index":2,"x":25,"y":15,"objectData":""},{"index":2,"x":26,"y":15,"objectData":""},{"index":2,"x":27,"y":15,"objectData":""},{"index":2,"x":27,"y":16,"objectData":""},{"index":2,"x":26,"y":16,"objectData":""},{"index":2,"x":25,"y":16,"objectData":""},{"index":2,"x":25,"y":17,"objectData":""},{"index":2,"x":26,"y":17,"objectData":""},{"index":2,"x":27,"y":17,"objectData":""},{"index":2,"x":28,"y":17,"objectData":""},{"index":2,"x":25,"y":19,"objectData":""},{"index":2,"x":25,"y":18,"objectData":""},{"index":2,"x":26,"y":18,"objectData":""},{"index":2,"x":29,"y":17,"objectData":""},{"index":2,"x":30,"y":17,"objectData":""},{"index":2,"x":28,"y":16,"objectData":""},{"index":2,"x":29,"y":16,"objectData":""},{"index":2,"x":30,"y":16,"objectData":""},{"index":2,"x":31,"y":16,"objectData":""},{"index":2,"x":31,"y":17,"objectData":""},{"index":2,"x":29,"y":18,"objectData":""},{"index":2,"x":28,"y":18,"objectData":""},{"index":2,"x":27,"y":18,"objectData":""},{"index":2,"x":27,"y":19,"objectData":""},{"index":2,"x":26,"y":19,"objectData":""},{"index":2,"x":23,"y":21,"objectData":""},{"index":2,"x":24,"y":21,"objectData":""},{"index":2,"x":25,"y":21,"objectData":""},{"index":2,"x":26,"y":21,"objectData":""},{"index":2,"x":29,"y":21,"objectData":""},{"index":2,"x":30,"y":21,"objectData":""},{"index":2,"x":31,"y":21,"objectData":""},{"index":2,"x":32,"y":21,"objectData":""},{"index":2,"x":33,"y":21,"objectData":""},{"index":2,"x":35,"y":21,"objectData":""},{"index":2,"x":36,"y":21,"objectData":""},{"index":2,"x":37,"y":20,"objectData":""},{"index":2,"x":35,"y":18,"objectData":""},{"index":2,"x":34,"y":18,"objectData":""},{"index":2,"x":33,"y":18,"objectData":""},{"index":2,"x":32,"y":18,"objectData":""},{"index":2,"x":31,"y":18,"objectData":""},{"index":2,"x":30,"y":18,"objectData":""},{"index":2,"x":28,"y":19,"objectData":""},{"index":2,"x":29,"y":19,"objectData":""},{"index":2,"x":30,"y":19,"objectData":""},{"index":2,"x":31,"y":19,"objectData":""},{"index":2,"x":32,"y":19,"objectData":""},{"index":2,"x":29,"y":20,"objectData":""},{"index":2,"x":30,"y":20,"objectData":""},{"index":2,"x":31,"y":20,"objectData":""},{"index":2,"x":32,"y":20,"objectData":""},{"index":2,"x":35,"y":20,"objectData":""},{"index":2,"x":36,"y":20,"objectData":""},{"index":2,"x":37,"y":19,"objectData":""},{"index":2,"x":37,"y":18,"objectData":""},{"index":2,"x":36,"y":18,"objectData":""},{"index":2,"x":36,"y":19,"objectData":""},{"index":2,"x":35,"y":19,"objectData":""},{"index":2,"x":34,"y":19,"objectData":""},{"index":2,"x":33,"y":19,"objectData":""},{"index":2,"x":34,"y":21,"objectData":""},{"index":2,"x":34,"y":20,"objectData":""},{"index":2,"x":33,"y":20,"objectData":""},{"index":1,"x":26,"y":20,"objectData":"{}"},{"index":1,"x":27,"y":20,"objectData":"{}"},{"index":2,"x":28,"y":20,"objectData":""},{"index":2,"x":28,"y":21,"objectData":""},{"index":2,"x":27,"y":21,"objectData":""},{"index":2,"x":23,"y":22,"objectData":""},{"index":2,"x":24,"y":22,"objectData":""},{"index":2,"x":25,"y":22,"objectData":""},{"index":2,"x":26,"y":22,"objectData":""},{"index":2,"x":27,"y":22,"objectData":""},{"index":2,"x":28,"y":22,"objectData":""},{"index":2,"x":29,"y":22,"objectData":""},{"index":2,"x":30,"y":22,"objectData":""},{"index":2,"x":31,"y":22,"objectData":""},{"index":2,"x":32,"y":22,"objectData":""},{"index":2,"x":33,"y":22,"objectData":""},{"index":2,"x":34,"y":22,"objectData":""},{"index":2,"x":35,"y":22,"objectData":""},{"index":2,"x":36,"y":22,"objectData":""},{"index":2,"x":37,"y":21,"objectData":""},{"index":2,"x":37,"y":22,"objectData":""},{"index":2,"x":37,"y":23,"objectData":""},{"index":2,"x":37,"y":24,"objectData":""},{"index":2,"x":37,"y":25,"objectData":""},{"index":2,"x":37,"y":26,"objectData":""},{"index":2,"x":37,"y":27,"objectData":""},{"index":2,"x":36,"y":27,"objectData":""},{"index":2,"x":35,"y":27,"objectData":""},{"index":2,"x":35,"y":26,"objectData":""},{"index":2,"x":36,"y":26,"objectData":""},{"index":2,"x":36,"y":25,"objectData":""},{"index":2,"x":36,"y":24,"objectData":""},{"index":2,"x":36,"y":23,"objectData":""},{"index":2,"x":35,"y":23,"objectData":""},{"index":2,"x":34,"y":23,"objectData":""},{"index":2,"x":33,"y":23,"objectData":""},{"index":2,"x":35,"y":25,"objectData":""},{"index":2,"x":35,"y":24,"objectData":""},{"index":2,"x":34,"y":24,"objectData":""},{"index":2,"x":31,"y":24,"objectData":""},{"index":2,"x":30,"y":24,"objectData":""},{"index":2,"x":27,"y":23,"objectData":""},{"index":2,"x":23,"y":23,"objectData":""},{"index":2,"x":24,"y":23,"objectData":""},{"index":2,"x":25,"y":23,"objectData":""},{"index":2,"x":26,"y":23,"objectData":""},{"index":2,"x":28,"y":23,"objectData":""},{"index":2,"x":29,"y":23,"objectData":""},{"index":2,"x":30,"y":23,"objectData":""},{"index":2,"x":31,"y":23,"objectData":""},{"index":2,"x":32,"y":23,"objectData":""},{"index":2,"x":32,"y":24,"objectData":""},{"index":2,"x":33,"y":24,"objectData":""},{"index":2,"x":33,"y":25,"objectData":""},{"index":2,"x":34,"y":25,"objectData":""},{"index":2,"x":34,"y":26,"objectData":""},{"index":2,"x":34,"y":27,"objectData":""},{"index":2,"x":30,"y":27,"objectData":""},{"index":2,"x":31,"y":27,"objectData":""},{"index":2,"x":32,"y":27,"objectData":""},{"index":2,"x":33,"y":27,"objectData":""},{"index":2,"x":33,"y":26,"objectData":""},{"index":2,"x":32,"y":26,"objectData":""},{"index":2,"x":31,"y":26,"objectData":""},{"index":2,"x":30,"y":26,"objectData":""},{"index":2,"x":32,"y":25,"objectData":""},{"index":2,"x":31,"y":25,"objectData":""},{"index":2,"x":30,"y":25,"objectData":""},{"index":2,"x":29,"y":25,"objectData":""},{"index":2,"x":29,"y":24,"objectData":""},{"index":2,"x":28,"y":24,"objectData":""},{"index":2,"x":27,"y":24,"objectData":""},{"index":2,"x":26,"y":24,"objectData":""},{"index":2,"x":25,"y":24,"objectData":""},{"index":2,"x":23,"y":24,"objectData":""},{"index":2,"x":24,"y":24,"objectData":""},{"index":2,"x":25,"y":25,"objectData":""},{"index":2,"x":26,"y":25,"objectData":""},{"index":2,"x":27,"y":25,"objectData":""},{"index":2,"x":28,"y":25,"objectData":""},{"index":2,"x":29,"y":26,"objectData":""},{"index":2,"x":28,"y":26,"objectData":""},{"index":2,"x":27,"y":26,"objectData":""},{"index":2,"x":29,"y":27,"objectData":""},{"index":2,"x":28,"y":27,"objectData":""},{"index":2,"x":27,"y":27,"objectData":""},{"index":2,"x":26,"y":27,"objectData":""},{"index":2,"x":23,"y":26,"objectData":""},{"index":2,"x":23,"y":25,"objectData":""},{"index":2,"x":24,"y":25,"objectData":""},{"index":2,"x":24,"y":26,"objectData":""},{"index":2,"x":25,"y":26,"objectData":""},{"index":2,"x":25,"y":27,"objectData":""},{"index":2,"x":24,"y":27,"objectData":""},{"index":2,"x":23,"y":27,"objectData":""},{"index":2,"x":23,"y":28,"objectData":""},{"index":2,"x":24,"y":28,"objectData":""},{"index":2,"x":25,"y":28,"objectData":""},{"index":2,"x":26,"y":28,"objectData":""},{"index":2,"x":27,"y":28,"objectData":""},{"index":2,"x":28,"y":28,"objectData":""},{"index":2,"x":29,"y":28,"objectData":""},{"index":2,"x":29,"y":29,"objectData":""},{"index":2,"x":29,"y":30,"objectData":""},{"index":2,"x":29,"y":31,"objectData":""},{"index":2,"x":29,"y":32,"objectData":""},{"index":2,"x":29,"y":33,"objectData":""},{"index":2,"x":29,"y":34,"objectData":""},{"index":2,"x":29,"y":35,"objectData":""},{"index":2,"x":29,"y":36,"objectData":""},{"index":2,"x":29,"y":37,"objectData":""},{"index":2,"x":29,"y":38,"objectData":""},{"index":2,"x":28,"y":38,"objectData":""},{"index":2,"x":27,"y":38,"objectData":""},{"index":2,"x":26,"y":38,"objectData":""},{"index":2,"x":25,"y":38,"objectData":""},{"index":2,"x":24,"y":38,"objectData":""},{"index":2,"x":23,"y":38,"objectData":""},{"index":2,"x":23,"y":37,"objectData":""},{"index":2,"x":23,"y":36,"objectData":""},{"index":2,"x":23,"y":35,"objectData":""},{"index":2,"x":23,"y":34,"objectData":""},{"index":2,"x":23,"y":33,"objectData":""},{"index":2,"x":23,"y":32,"objectData":""},{"index":2,"x":23,"y":30,"objectData":""},{"index":2,"x":23,"y":29,"objectData":""},{"index":2,"x":24,"y":29,"objectData":""},{"index":2,"x":25,"y":29,"objectData":""},{"index":2,"x":26,"y":29,"objectData":""},{"index":2,"x":24,"y":30,"objectData":""},{"index":2,"x":25,"y":30,"objectData":""},{"index":2,"x":26,"y":30,"objectData":""},{"index":2,"x":27,"y":30,"objectData":""},{"index":2,"x":27,"y":29,"objectData":""},{"index":2,"x":28,"y":29,"objectData":""},{"index":2,"x":28,"y":30,"objectData":""},{"index":2,"x":28,"y":31,"objectData":""},{"index":2,"x":27,"y":31,"objectData":""},{"index":2,"x":27,"y":32,"objectData":""},{"index":2,"x":26,"y":32,"objectData":""},{"index":2,"x":23,"y":31,"objectData":""},{"index":2,"x":24,"y":31,"objectData":""},{"index":2,"x":25,"y":31,"objectData":""},{"index":2,"x":25,"y":32,"objectData":""},{"index":2,"x":24,"y":32,"objectData":""},{"index":2,"x":24,"y":33,"objectData":""},{"index":2,"x":25,"y":33,"objectData":""},{"index":2,"x":26,"y":33,"objectData":""},{"index":2,"x":27,"y":33,"objectData":""},{"index":2,"x":28,"y":32,"objectData":""},{"index":2,"x":28,"y":33,"objectData":""},{"index":2,"x":28,"y":34,"objectData":""},{"index":2,"x":28,"y":35,"objectData":""},{"index":2,"x":28,"y":36,"objectData":""},{"index":2,"x":28,"y":37,"objectData":""},{"index":2,"x":27,"y":37,"objectData":""},{"index":2,"x":26,"y":37,"objectData":""},{"index":2,"x":25,"y":37,"objectData":""},{"index":2,"x":24,"y":37,"objectData":""},{"index":2,"x":25,"y":35,"objectData":""},{"index":2,"x":26,"y":35,"objectData":""},{"index":2,"x":27,"y":36,"objectData":""},{"index":2,"x":27,"y":35,"objectData":""},{"index":2,"x":27,"y":34,"objectData":""},{"index":2,"x":26,"y":34,"objectData":""},{"index":2,"x":25,"y":34,"objectData":""},{"index":2,"x":24,"y":34,"objectData":""},{"index":2,"x":24,"y":35,"objectData":""},{"index":2,"x":24,"y":36,"objectData":""},{"index":2,"x":25,"y":36,"objectData":""},{"index":1,"x":22,"y":32,"objectData":"{}"},{"index":1,"x":22,"y":31,"objectData":"{}"},{"index":1,"x":22,"y":30,"objectData":"{}"},{"index":0,"x":18,"y":37,"objectData":""},{"index":4,"x":18,"y":37,"objectData":""},{"index":10,"x":29,"y":8,"objectData":""},{"index":2,"x":29,"y":5,"objectData":""},{"index":5,"x":16,"y":15,"objectData":"{\"enumTurret\":1}"},{"index":6,"x":10,"y":8,"objectData":""}]}