{"gridWidth":30,"gridHeight":30,"objectList":[{"index":1,"x":0,"y":15,"objectData":"{}"},{"index":1,"x":0,"y":14,"objectData":"{}"},{"index":1,"x":0,"y":13,"objectData":"{}"},{"index":1,"x":0,"y":12,"objectData":"{}"},{"index":1,"x":0,"y":11,"objectData":"{}"},{"index":1,"x":0,"y":10,"objectData":"{}"},{"index":1,"x":0,"y":9,"objectData":"{}"},{"index":1,"x":0,"y":8,"objectData":"{}"},{"index":1,"x":0,"y":7,"objectData":"{}"},{"index":1,"x":0,"y":6,"objectData":"{}"},{"index":1,"x":0,"y":5,"objectData":"{}"},{"index":1,"x":0,"y":4,"objectData":"{}"},{"index":1,"x":1,"y":4,"objectData":"{}"},{"index":1,"x":2,"y":4,"objectData":"{}"},{"index":1,"x":3,"y":4,"objectData":"{}"},{"index":1,"x":4,"y":4,"objectData":"{}"},{"index":1,"x":5,"y":4,"objectData":"{}"},{"index":1,"x":6,"y":4,"objectData":"{}"},{"index":1,"x":7,"y":4,"objectData":"{}"},{"index":1,"x":8,"y":4,"objectData":"{}"},{"index":1,"x":9,"y":4,"objectData":"{}"},{"index":1,"x":10,"y":4,"objectData":"{}"},{"index":1,"x":11,"y":4,"objectData":"{}"},{"index":1,"x":12,"y":4,"objectData":"{}"},{"index":1,"x":18,"y":9,"objectData":"{}"},{"index":1,"x":19,"y":9,"objectData":"{}"},{"index":1,"x":20,"y":9,"objectData":"{}"},{"index":1,"x":21,"y":9,"objectData":"{}"},{"index":1,"x":22,"y":9,"objectData":"{}"},{"index":1,"x":23,"y":9,"objectData":"{}"},{"index":1,"x":24,"y":9,"objectData":"{}"},{"index":1,"x":25,"y":9,"objectData":"{}"},{"index":1,"x":26,"y":9,"objectData":"{}"},{"index":1,"x":27,"y":9,"objectData":"{}"},{"index":1,"x":27,"y":10,"objectData":"{}"},{"index":1,"x":27,"y":11,"objectData":"{}"},{"index":1,"x":27,"y":14,"objectData":"{}"},{"index":1,"x":27,"y":13,"objectData":"{}"},{"index":1,"x":27,"y":12,"objectData":"{}"},{"index":1,"x":16,"y":14,"objectData":"{}"},{"index":1,"x":17,"y":14,"objectData":"{}"},{"index":1,"x":18,"y":14,"objectData":"{}"},{"index":1,"x":19,"y":14,"objectData":"{}"},{"index":1,"x":20,"y":14,"objectData":"{}"},{"index":1,"x":21,"y":14,"objectData":"{}"},{"index":1,"x":22,"y":14,"objectData":"{}"},{"index":1,"x":23,"y":14,"objectData":"{}"},{"index":1,"x":24,"y":14,"objectData":"{}"},{"index":1,"x":25,"y":14,"objectData":"{}"},{"index":1,"x":26,"y":14,"objectData":"{}"},{"index":1,"x":13,"y":4,"objectData":"{}"},{"index":1,"x":14,"y":4,"objectData":"{}"},{"index":1,"x":15,"y":4,"objectData":"{}"},{"index":1,"x":16,"y":4,"objectData":"{}"},{"index":1,"x":16,"y":5,"objectData":"{}"},{"index":1,"x":16,"y":6,"objectData":"{}"},{"index":1,"x":16,"y":7,"objectData":"{}"},{"index":1,"x":16,"y":8,"objectData":"{}"},{"index":1,"x":16,"y":9,"objectData":"{}"},{"index":1,"x":17,"y":9,"objectData":"{}"},{"index":1,"x":12,"y":14,"objectData":"{}"},{"index":1,"x":13,"y":14,"objectData":"{}"},{"index":1,"x":14,"y":14,"objectData":"{}"},{"index":1,"x":15,"y":14,"objectData":"{}"},{"index":1,"x":11,"y":14,"objectData":"{}"},{"index":1,"x":11,"y":18,"objectData":"{}"},{"index":1,"x":12,"y":18,"objectData":"{}"},{"index":1,"x":13,"y":18,"objectData":"{}"},{"index":1,"x":14,"y":18,"objectData":"{}"},{"index":1,"x":15,"y":18,"objectData":"{}"},{"index":1,"x":16,"y":18,"objectData":"{}"},{"index":1,"x":17,"y":18,"objectData":"{}"},{"index":1,"x":18,"y":18,"objectData":"{}"},{"index":1,"x":19,"y":18,"objectData":"{}"},{"index":1,"x":20,"y":18,"objectData":"{}"},{"index":1,"x":21,"y":18,"objectData":"{}"},{"index":1,"x":22,"y":18,"objectData":"{}"},{"index":1,"x":23,"y":18,"objectData":"{}"},{"index":1,"x":24,"y":18,"objectData":"{}"},{"index":1,"x":24,"y":19,"objectData":"{}"},{"index":1,"x":24,"y":20,"objectData":"{}"},{"index":1,"x":24,"y":21,"objectData":"{}"},{"index":1,"x":24,"y":22,"objectData":"{}"},{"index":1,"x":24,"y":23,"objectData":"{}"},{"index":1,"x":24,"y":24,"objectData":"{}"},{"index":1,"x":24,"y":25,"objectData":"{}"},{"index":1,"x":24,"y":26,"objectData":"{}"},{"index":1,"x":24,"y":27,"objectData":"{}"},{"index":1,"x":24,"y":28,"objectData":"{}"},{"index":1,"x":23,"y":28,"objectData":"{}"},{"index":1,"x":22,"y":28,"objectData":"{}"},{"index":1,"x":21,"y":28,"objectData":"{}"},{"index":1,"x":20,"y":28,"objectData":"{}"},{"index":1,"x":19,"y":28,"objectData":"{}"},{"index":1,"x":18,"y":28,"objectData":"{}"},{"index":1,"x":17,"y":28,"objectData":"{}"},{"index":1,"x":16,"y":28,"objectData":"{}"},{"index":1,"x":15,"y":28,"objectData":"{}"},{"index":1,"x":14,"y":28,"objectData":"{}"},{"index":1,"x":13,"y":28,"objectData":"{}"},{"index":1,"x":12,"y":28,"objectData":"{}"},{"index":1,"x":11,"y":28,"objectData":"{}"},{"index":1,"x":10,"y":28,"objectData":"{}"},{"index":1,"x":9,"y":28,"objectData":"{}"},{"index":1,"x":8,"y":28,"objectData":"{}"},{"index":1,"x":8,"y":27,"objectData":"{}"},{"index":1,"x":8,"y":26,"objectData":"{}"},{"index":1,"x":8,"y":25,"objectData":"{}"},{"index":1,"x":8,"y":24,"objectData":"{}"},{"index":1,"x":0,"y":23,"objectData":"{}"},{"index":1,"x":0,"y":22,"objectData":"{}"},{"index":1,"x":0,"y":21,"objectData":"{}"},{"index":1,"x":0,"y":20,"objectData":"{}"},{"index":1,"x":1,"y":23,"objectData":"{}"},{"index":1,"x":2,"y":23,"objectData":"{}"},{"index":1,"x":3,"y":23,"objectData":"{}"},{"index":1,"x":4,"y":23,"objectData":"{}"},{"index":1,"x":5,"y":23,"objectData":"{}"},{"index":1,"x":6,"y":23,"objectData":"{}"},{"index":1,"x":7,"y":23,"objectData":"{}"},{"index":1,"x":8,"y":23,"objectData":"{}"},{"index":1,"x":9,"y":23,"objectData":"{}"},{"index":1,"x":10,"y":23,"objectData":"{}"},{"index":1,"x":11,"y":23,"objectData":"{}"},{"index":1,"x":12,"y":23,"objectData":"{}"},{"index":1,"x":13,"y":23,"objectData":"{}"},{"index":1,"x":14,"y":23,"objectData":"{}"},{"index":1,"x":15,"y":23,"objectData":"{}"},{"index":1,"x":16,"y":23,"objectData":"{}"},{"index":1,"x":17,"y":23,"objectData":"{}"},{"index":1,"x":18,"y":23,"objectData":"{}"},{"index":1,"x":10,"y":18,"objectData":"{}"},{"index":1,"x":10,"y":14,"objectData":"{}"},{"index":9,"x":10,"y":19,"objectData":"{}"},{"index":9,"x":9,"y":19,"objectData":"{}"},{"index":9,"x":9,"y":18,"objectData":"{}"},{"index":9,"x":9,"y":17,"objectData":"{}"},{"index":9,"x":9,"y":16,"objectData":"{}"},{"index":9,"x":9,"y":15,"objectData":"{}"},{"index":9,"x":9,"y":14,"objectData":"{}"},{"index":9,"x":9,"y":13,"objectData":"{}"},{"index":9,"x":10,"y":13,"objectData":"{}"},{"index":1,"x":8,"y":16,"objectData":"{}"},{"index":1,"x":7,"y":16,"objectData":"{}"},{"index":1,"x":6,"y":16,"objectData":"{}"},{"index":1,"x":5,"y":16,"objectData":"{}"},{"index":1,"x":5,"y":15,"objectData":"{}"},{"index":1,"x":5,"y":14,"objectData":"{}"},{"index":1,"x":5,"y":13,"objectData":"{}"},{"index":1,"x":5,"y":12,"objectData":"{}"},{"index":1,"x":5,"y":11,"objectData":"{}"},{"index":1,"x":5,"y":10,"objectData":"{}"},{"index":1,"x":5,"y":9,"objectData":"{}"},{"index":1,"x":5,"y":8,"objectData":"{}"},{"index":1,"x":6,"y":8,"objectData":"{}"},{"index":1,"x":7,"y":8,"objectData":"{}"},{"index":1,"x":8,"y":8,"objectData":"{}"},{"index":3,"x":18,"y":20,"objectData":"{\"enumTurret\":0}"},{"index":3,"x":2,"y":15,"objectData":"{\"enumTurret\":0}"},{"index":3,"x":6,"y":11,"objectData":"{\"enumTurret\":0}"},{"index":3,"x":24,"y":11,"objectData":"{\"enumTurret\":0}"},{"index":6,"x":14,"y":21,"objectData":""},{"index":6,"x":19,"y":12,"objectData":""},{"index":10,"x":7,"y":14,"objectData":""},{"index":3,"x":8,"y":10,"objectData":"{\"enumTurret\":0}"},{"index":2,"x":9,"y":27,"objectData":""},{"index":2,"x":9,"y":26,"objectData":""},{"index":2,"x":9,"y":25,"objectData":""},{"index":2,"x":9,"y":24,"objectData":""},{"index":2,"x":10,"y":24,"objectData":""},{"index":2,"x":11,"y":24,"objectData":""},{"index":2,"x":12,"y":24,"objectData":""},{"index":2,"x":13,"y":24,"objectData":""},{"index":2,"x":16,"y":24,"objectData":""},{"index":2,"x":17,"y":24,"objectData":""},{"index":2,"x":19,"y":25,"objectData":""},{"index":2,"x":20,"y":25,"objectData":""},{"index":2,"x":21,"y":25,"objectData":""},{"index":2,"x":22,"y":25,"objectData":""},{"index":2,"x":20,"y":24,"objectData":""},{"index":2,"x":20,"y":23,"objectData":""},{"index":2,"x":21,"y":23,"objectData":""},{"index":2,"x":21,"y":24,"objectData":""},{"index":2,"x":22,"y":24,"objectData":""},{"index":2,"x":22,"y":23,"objectData":""},{"index":2,"x":23,"y":23,"objectData":""},{"index":2,"x":23,"y":24,"objectData":""},{"index":2,"x":23,"y":25,"objectData":""},{"index":2,"x":23,"y":26,"objectData":""},{"index":2,"x":23,"y":27,"objectData":""},{"index":2,"x":22,"y":27,"objectData":""},{"index":2,"x":21,"y":27,"objectData":""},{"index":2,"x":20,"y":27,"objectData":""},{"index":2,"x":19,"y":27,"objectData":""},{"index":2,"x":18,"y":27,"objectData":""},{"index":2,"x":17,"y":27,"objectData":""},{"index":2,"x":16,"y":27,"objectData":""},{"index":2,"x":15,"y":27,"objectData":""},{"index":2,"x":14,"y":27,"objectData":""},{"index":2,"x":13,"y":27,"objectData":""},{"index":2,"x":12,"y":27,"objectData":""},{"index":2,"x":11,"y":27,"objectData":""},{"index":2,"x":10,"y":27,"objectData":""},{"index":2,"x":10,"y":26,"objectData":""},{"index":2,"x":11,"y":25,"objectData":""},{"index":2,"x":11,"y":26,"objectData":""},{"index":2,"x":12,"y":26,"objectData":""},{"index":2,"x":13,"y":26,"objectData":""},{"index":2,"x":14,"y":26,"objectData":""},{"index":2,"x":15,"y":26,"objectData":""},{"index":2,"x":16,"y":26,"objectData":""},{"index":2,"x":22,"y":26,"objectData":""},{"index":2,"x":21,"y":26,"objectData":""},{"index":2,"x":20,"y":26,"objectData":""},{"index":2,"x":19,"y":26,"objectData":""},{"index":2,"x":18,"y":26,"objectData":""},{"index":2,"x":17,"y":26,"objectData":""},{"index":2,"x":15,"y":24,"objectData":""},{"index":2,"x":14,"y":24,"objectData":""},{"index":2,"x":12,"y":25,"objectData":""},{"index":2,"x":13,"y":25,"objectData":""},{"index":2,"x":14,"y":25,"objectData":""},{"index":2,"x":15,"y":25,"objectData":""},{"index":2,"x":16,"y":25,"objectData":""},{"index":2,"x":17,"y":25,"objectData":""},{"index":2,"x":18,"y":25,"objectData":""},{"index":2,"x":18,"y":24,"objectData":""},{"index":2,"x":19,"y":24,"objectData":""},{"index":2,"x":19,"y":23,"objectData":""},{"index":2,"x":18,"y":21,"objectData":""},{"index":2,"x":20,"y":20,"objectData":""},{"index":2,"x":19,"y":20,"objectData":""},{"index":2,"x":18,"y":19,"objectData":""},{"index":2,"x":19,"y":19,"objectData":""},{"index":2,"x":20,"y":19,"objectData":""},{"index":2,"x":21,"y":19,"objectData":""},{"index":2,"x":22,"y":19,"objectData":""},{"index":2,"x":23,"y":19,"objectData":""},{"index":2,"x":23,"y":20,"objectData":""},{"index":2,"x":23,"y":21,"objectData":""},{"index":2,"x":23,"y":22,"objectData":""},{"index":2,"x":22,"y":22,"objectData":""},{"index":2,"x":21,"y":22,"objectData":""},{"index":2,"x":20,"y":22,"objectData":""},{"index":2,"x":22,"y":21,"objectData":""},{"index":2,"x":22,"y":20,"objectData":""},{"index":2,"x":21,"y":20,"objectData":""},{"index":2,"x":21,"y":21,"objectData":""},{"index":2,"x":20,"y":21,"objectData":""},{"index":2,"x":19,"y":21,"objectData":""},{"index":2,"x":19,"y":22,"objectData":""},{"index":2,"x":18,"y":22,"objectData":""},{"index":2,"x":17,"y":22,"objectData":""},{"index":2,"x":17,"y":21,"objectData":""},{"index":2,"x":17,"y":20,"objectData":""},{"index":2,"x":15,"y":19,"objectData":""},{"index":2,"x":14,"y":19,"objectData":""},{"index":2,"x":14,"y":20,"objectData":""},{"index":2,"x":17,"y":19,"objectData":""},{"index":2,"x":16,"y":19,"objectData":""},{"index":2,"x":15,"y":20,"objectData":""},{"index":2,"x":16,"y":20,"objectData":""},{"index":2,"x":16,"y":21,"objectData":""},{"index":2,"x":15,"y":21,"objectData":""},{"index":2,"x":16,"y":22,"objectData":""},{"index":2,"x":15,"y":22,"objectData":""},{"index":2,"x":14,"y":22,"objectData":""},{"index":2,"x":13,"y":22,"objectData":""},{"index":2,"x":12,"y":22,"objectData":""},{"index":2,"x":11,"y":22,"objectData":""},{"index":2,"x":10,"y":22,"objectData":""},{"index":2,"x":9,"y":22,"objectData":""},{"index":2,"x":8,"y":22,"objectData":""},{"index":2,"x":7,"y":22,"objectData":""},{"index":2,"x":6,"y":22,"objectData":""},{"index":2,"x":5,"y":22,"objectData":""},{"index":2,"x":4,"y":22,"objectData":""},{"index":2,"x":3,"y":22,"objectData":""},{"index":2,"x":1,"y":22,"objectData":""},{"index":1,"x":0,"y":19,"objectData":"{}"},{"index":1,"x":0,"y":18,"objectData":"{}"},{"index":1,"x":0,"y":17,"objectData":"{}"},{"index":1,"x":0,"y":16,"objectData":"{}"},{"index":2,"x":1,"y":18,"objectData":""},{"index":2,"x":1,"y":17,"objectData":""},{"index":2,"x":1,"y":16,"objectData":""},{"index":2,"x":1,"y":15,"objectData":""},{"index":2,"x":1,"y":14,"objectData":""},{"index":2,"x":1,"y":13,"objectData":""},{"index":2,"x":1,"y":12,"objectData":""},{"index":2,"x":1,"y":11,"objectData":""},{"index":2,"x":1,"y":10,"objectData":""},{"index":2,"x":1,"y":9,"objectData":""},{"index":2,"x":1,"y":8,"objectData":""},{"index":2,"x":1,"y":7,"objectData":""},{"index":2,"x":1,"y":6,"objectData":""},{"index":2,"x":1,"y":5,"objectData":""},{"index":2,"x":2,"y":5,"objectData":""},{"index":2,"x":3,"y":5,"objectData":""},{"index":2,"x":4,"y":5,"objectData":""},{"index":2,"x":5,"y":5,"objectData":""},{"index":2,"x":6,"y":5,"objectData":""},{"index":2,"x":7,"y":5,"objectData":""},{"index":2,"x":8,"y":5,"objectData":""},{"index":2,"x":9,"y":5,"objectData":""},{"index":2,"x":10,"y":5,"objectData":""},{"index":2,"x":11,"y":5,"objectData":""},{"index":2,"x":12,"y":5,"objectData":""},{"index":2,"x":13,"y":5,"objectData":""},{"index":2,"x":14,"y":5,"objectData":""},{"index":2,"x":15,"y":5,"objectData":""},{"index":2,"x":15,"y":6,"objectData":""},{"index":2,"x":15,"y":7,"objectData":""},{"index":2,"x":15,"y":8,"objectData":""},{"index":2,"x":15,"y":9,"objectData":""},{"index":2,"x":15,"y":11,"objectData":""},{"index":2,"x":15,"y":12,"objectData":""},{"index":2,"x":15,"y":13,"objectData":""},{"index":2,"x":16,"y":13,"objectData":""},{"index":2,"x":17,"y":13,"objectData":""},{"index":2,"x":17,"y":12,"objectData":""},{"index":2,"x":16,"y":12,"objectData":""},{"index":2,"x":16,"y":11,"objectData":""},{"index":2,"x":17,"y":11,"objectData":""},{"index":2,"x":21,"y":10,"objectData":""},{"index":2,"x":22,"y":10,"objectData":""},{"index":2,"x":23,"y":10,"objectData":""},{"index":2,"x":24,"y":10,"objectData":""},{"index":2,"x":25,"y":10,"objectData":""},{"index":2,"x":25,"y":11,"objectData":""},{"index":2,"x":26,"y":10,"objectData":""},{"index":2,"x":26,"y":11,"objectData":""},{"index":2,"x":26,"y":12,"objectData":""},{"index":2,"x":26,"y":13,"objectData":""},{"index":2,"x":25,"y":13,"objectData":""},{"index":2,"x":22,"y":13,"objectData":""},{"index":2,"x":23,"y":11,"objectData":""},{"index":2,"x":25,"y":12,"objectData":""},{"index":2,"x":24,"y":12,"objectData":""},{"index":2,"x":24,"y":13,"objectData":""},{"index":2,"x":23,"y":13,"objectData":""},{"index":2,"x":23,"y":12,"objectData":""},{"index":2,"x":22,"y":12,"objectData":""},{"index":2,"x":22,"y":11,"objectData":""},{"index":2,"x":21,"y":11,"objectData":""},{"index":2,"x":21,"y":12,"objectData":""},{"index":2,"x":21,"y":13,"objectData":""},{"index":2,"x":20,"y":13,"objectData":""},{"index":2,"x":19,"y":13,"objectData":""},{"index":2,"x":18,"y":13,"objectData":""},{"index":2,"x":18,"y":12,"objectData":""},{"index":2,"x":18,"y":11,"objectData":""},{"index":2,"x":19,"y":11,"objectData":""},{"index":2,"x":20,"y":12,"objectData":""},{"index":2,"x":20,"y":11,"objectData":""},{"index":2,"x":20,"y":10,"objectData":""},{"index":2,"x":19,"y":10,"objectData":""},{"index":2,"x":18,"y":10,"objectData":""},{"index":2,"x":17,"y":10,"objectData":""},{"index":2,"x":16,"y":10,"objectData":""},{"index":2,"x":15,"y":10,"objectData":""},{"index":2,"x":14,"y":11,"objectData":""},{"index":2,"x":14,"y":12,"objectData":""},{"index":2,"x":14,"y":13,"objectData":""},{"index":2,"x":13,"y":13,"objectData":""},{"index":2,"x":12,"y":13,"objectData":""},{"index":2,"x":11,"y":13,"objectData":""},{"index":2,"x":11,"y":12,"objectData":""},{"index":2,"x":12,"y":6,"objectData":""},{"index":2,"x":13,"y":6,"objectData":""},{"index":2,"x":14,"y":6,"objectData":""},{"index":2,"x":14,"y":7,"objectData":""},{"index":2,"x":14,"y":8,"objectData":""},{"index":2,"x":14,"y":9,"objectData":""},{"index":2,"x":14,"y":10,"objectData":""},{"index":2,"x":12,"y":12,"objectData":""},{"index":2,"x":13,"y":12,"objectData":""},{"index":2,"x":13,"y":11,"objectData":""},{"index":2,"x":13,"y":7,"objectData":""},{"index":2,"x":13,"y":8,"objectData":""},{"index":2,"x":13,"y":9,"objectData":""},{"index":2,"x":13,"y":10,"objectData":""},{"index":2,"x":12,"y":10,"objectData":""},{"index":2,"x":12,"y":11,"objectData":""},{"index":2,"x":11,"y":11,"objectData":""},{"index":2,"x":11,"y":10,"objectData":""},{"index":2,"x":11,"y":9,"objectData":""},{"index":2,"x":11,"y":8,"objectData":""},{"index":2,"x":12,"y":9,"objectData":""},{"index":2,"x":12,"y":8,"objectData":""},{"index":2,"x":12,"y":7,"objectData":""},{"index":2,"x":11,"y":7,"objectData":""},{"index":2,"x":11,"y":6,"objectData":""},{"index":2,"x":10,"y":6,"objectData":""},{"index":2,"x":10,"y":7,"objectData":""},{"index":2,"x":10,"y":12,"objectData":""},{"index":2,"x":9,"y":12,"objectData":""},{"index":2,"x":9,"y":10,"objectData":""},{"index":2,"x":9,"y":8,"objectData":""},{"index":2,"x":9,"y":9,"objectData":""},{"index":2,"x":8,"y":9,"objectData":""},{"index":2,"x":7,"y":9,"objectData":""},{"index":2,"x":6,"y":9,"objectData":""},{"index":2,"x":6,"y":10,"objectData":""},{"index":2,"x":7,"y":10,"objectData":""},{"index":2,"x":7,"y":11,"objectData":""},{"index":2,"x":8,"y":13,"objectData":""},{"index":2,"x":8,"y":14,"objectData":""},{"index":2,"x":8,"y":15,"objectData":""},{"index":2,"x":7,"y":15,"objectData":""},{"index":2,"x":6,"y":15,"objectData":""},{"index":2,"x":6,"y":14,"objectData":""},{"index":2,"x":6,"y":13,"objectData":""},{"index":2,"x":7,"y":13,"objectData":""},{"index":2,"x":6,"y":12,"objectData":""},{"index":2,"x":7,"y":12,"objectData":""},{"index":2,"x":8,"y":12,"objectData":""},{"index":2,"x":8,"y":11,"objectData":""},{"index":2,"x":9,"y":11,"objectData":""},{"index":2,"x":10,"y":11,"objectData":""},{"index":2,"x":10,"y":10,"objectData":""},{"index":2,"x":10,"y":9,"objectData":""},{"index":2,"x":10,"y":8,"objectData":""},{"index":2,"x":9,"y":7,"objectData":""},{"index":2,"x":8,"y":7,"objectData":""},{"index":2,"x":7,"y":7,"objectData":""},{"index":2,"x":6,"y":7,"objectData":""},{"index":2,"x":2,"y":7,"objectData":""},{"index":2,"x":2,"y":6,"objectData":""},{"index":2,"x":3,"y":6,"objectData":""},{"index":2,"x":4,"y":6,"objectData":""},{"index":2,"x":9,"y":6,"objectData":""},{"index":2,"x":8,"y":6,"objectData":""},{"index":2,"x":7,"y":6,"objectData":""},{"index":2,"x":6,"y":6,"objectData":""},{"index":2,"x":5,"y":6,"objectData":""},{"index":2,"x":5,"y":7,"objectData":""},{"index":2,"x":4,"y":7,"objectData":""},{"index":2,"x":3,"y":7,"objectData":""},{"index":2,"x":4,"y":8,"objectData":""},{"index":2,"x":4,"y":9,"objectData":""},{"index":2,"x":4,"y":10,"objectData":""},{"index":2,"x":4,"y":11,"objectData":""},{"index":2,"x":4,"y":12,"objectData":""},{"index":2,"x":4,"y":13,"objectData":""},{"index":2,"x":4,"y":14,"objectData":""},{"index":2,"x":4,"y":15,"objectData":""},{"index":2,"x":4,"y":16,"objectData":""},{"index":2,"x":4,"y":19,"objectData":""},{"index":2,"x":3,"y":21,"objectData":""},{"index":2,"x":3,"y":17,"objectData":""},{"index":2,"x":3,"y":13,"objectData":""},{"index":2,"x":3,"y":12,"objectData":""},{"index":2,"x":3,"y":11,"objectData":""},{"index":2,"x":2,"y":9,"objectData":""},{"index":2,"x":2,"y":8,"objectData":""},{"index":2,"x":3,"y":8,"objectData":""},{"index":2,"x":3,"y":9,"objectData":""},{"index":2,"x":3,"y":10,"objectData":""},{"index":2,"x":2,"y":10,"objectData":""},{"index":2,"x":2,"y":11,"objectData":""},{"index":2,"x":2,"y":12,"objectData":""},{"index":2,"x":2,"y":13,"objectData":""},{"index":2,"x":2,"y":14,"objectData":""},{"index":2,"x":3,"y":14,"objectData":""},{"index":2,"x":3,"y":15,"objectData":""},{"index":2,"x":3,"y":16,"objectData":""},{"index":2,"x":2,"y":16,"objectData":""},{"index":2,"x":2,"y":17,"objectData":""},{"index":2,"x":2,"y":18,"objectData":""},{"index":2,"x":2,"y":19,"objectData":""},{"index":2,"x":1,"y":19,"objectData":""},{"index":2,"x":1,"y":20,"objectData":""},{"index":2,"x":1,"y":21,"objectData":""},{"index":2,"x":2,"y":22,"objectData":""},{"index":2,"x":2,"y":21,"objectData":""},{"index":2,"x":2,"y":20,"objectData":""},{"index":2,"x":3,"y":20,"objectData":""},{"index":2,"x":3,"y":19,"objectData":""},{"index":2,"x":3,"y":18,"objectData":""},{"index":2,"x":4,"y":17,"objectData":""},{"index":2,"x":5,"y":17,"objectData":""},{"index":2,"x":6,"y":17,"objectData":""},{"index":2,"x":7,"y":17,"objectData":""},{"index":2,"x":5,"y":19,"objectData":""},{"index":2,"x":4,"y":18,"objectData":""},{"index":2,"x":5,"y":18,"objectData":""},{"index":2,"x":6,"y":18,"objectData":""},{"index":2,"x":8,"y":19,"objectData":""},{"index":2,"x":8,"y":17,"objectData":""},{"index":2,"x":8,"y":18,"objectData":""},{"index":2,"x":7,"y":18,"objectData":""},{"index":2,"x":7,"y":19,"objectData":""},{"index":2,"x":6,"y":19,"objectData":""},{"index":2,"x":6,"y":20,"objectData":""},{"index":2,"x":5,"y":20,"objectData":""},{"index":2,"x":4,"y":20,"objectData":""},{"index":2,"x":4,"y":21,"objectData":""},{"index":2,"x":5,"y":21,"objectData":""},{"index":2,"x":6,"y":21,"objectData":""},{"index":2,"x":7,"y":21,"objectData":""},{"index":2,"x":8,"y":21,"objectData":""},{"index":2,"x":9,"y":21,"objectData":""},{"index":2,"x":10,"y":21,"objectData":""},{"index":2,"x":11,"y":21,"objectData":""},{"index":2,"x":12,"y":21,"objectData":""},{"index":2,"x":13,"y":21,"objectData":""},{"index":2,"x":13,"y":20,"objectData":""},{"index":2,"x":13,"y":19,"objectData":""},{"index":2,"x":12,"y":19,"objectData":""},{"index":2,"x":11,"y":19,"objectData":""},{"index":2,"x":12,"y":20,"objectData":""},{"index":2,"x":11,"y":20,"objectData":""},{"index":2,"x":10,"y":20,"objectData":""},{"index":2,"x":9,"y":20,"objectData":""},{"index":2,"x":8,"y":20,"objectData":""},{"index":2,"x":7,"y":20,"objectData":""},{"index":4,"x":10,"y":25,"objectData":""},{"index":1,"x":16,"y":16,"objectData":"{}"}]}