{"gridWidth":25,"gridHeight":25,"objectList":[{"index":1,"x":6,"y":23,"objectData":"{}"},{"index":1,"x":6,"y":22,"objectData":"{}"},{"index":1,"x":6,"y":21,"objectData":"{}"},{"index":1,"x":6,"y":20,"objectData":"{}"},{"index":1,"x":6,"y":19,"objectData":"{}"},{"index":1,"x":6,"y":24,"objectData":"{}"},{"index":1,"x":7,"y":24,"objectData":"{}"},{"index":1,"x":8,"y":24,"objectData":"{}"},{"index":1,"x":9,"y":24,"objectData":"{}"},{"index":1,"x":10,"y":24,"objectData":"{}"},{"index":1,"x":11,"y":24,"objectData":"{}"},{"index":1,"x":12,"y":24,"objectData":"{}"},{"index":1,"x":13,"y":24,"objectData":"{}"},{"index":1,"x":14,"y":24,"objectData":"{}"},{"index":1,"x":15,"y":24,"objectData":"{}"},{"index":1,"x":16,"y":24,"objectData":"{}"},{"index":1,"x":17,"y":24,"objectData":"{}"},{"index":1,"x":18,"y":24,"objectData":"{}"},{"index":1,"x":19,"y":24,"objectData":"{}"},{"index":1,"x":20,"y":24,"objectData":"{}"},{"index":1,"x":21,"y":24,"objectData":"{}"},{"index":1,"x":22,"y":24,"objectData":"{}"},{"index":1,"x":23,"y":24,"objectData":"{}"},{"index":1,"x":24,"y":24,"objectData":"{}"},{"index":1,"x":24,"y":23,"objectData":"{}"},{"index":1,"x":24,"y":22,"objectData":"{}"},{"index":1,"x":24,"y":21,"objectData":"{}"},{"index":1,"x":24,"y":20,"objectData":"{}"},{"index":1,"x":24,"y":19,"objectData":"{}"},{"index":1,"x":24,"y":18,"objectData":"{}"},{"index":1,"x":24,"y":17,"objectData":"{}"},{"index":1,"x":24,"y":16,"objectData":"{}"},{"index":1,"x":24,"y":15,"objectData":"{}"},{"index":1,"x":16,"y":12,"objectData":"{}"},{"index":1,"x":16,"y":11,"objectData":"{}"},{"index":1,"x":16,"y":10,"objectData":"{}"},{"index":1,"x":16,"y":9,"objectData":"{}"},{"index":1,"x":16,"y":8,"objectData":"{}"},{"index":1,"x":16,"y":7,"objectData":"{}"},{"index":1,"x":16,"y":6,"objectData":"{}"},{"index":1,"x":16,"y":5,"objectData":"{}"},{"index":1,"x":16,"y":4,"objectData":"{}"},{"index":1,"x":16,"y":3,"objectData":"{}"},{"index":1,"x":16,"y":2,"objectData":"{}"},{"index":1,"x":16,"y":1,"objectData":"{}"},{"index":1,"x":6,"y":18,"objectData":"{}"},{"index":1,"x":7,"y":18,"objectData":"{}"},{"index":1,"x":8,"y":18,"objectData":"{}"},{"index":1,"x":9,"y":18,"objectData":"{}"},{"index":1,"x":10,"y":18,"objectData":"{}"},{"index":1,"x":11,"y":18,"objectData":"{}"},{"index":1,"x":12,"y":18,"objectData":"{}"},{"index":1,"x":16,"y":13,"objectData":"{}"},{"index":1,"x":17,"y":13,"objectData":"{}"},{"index":1,"x":18,"y":13,"objectData":"{}"},{"index":1,"x":19,"y":13,"objectData":"{}"},{"index":1,"x":20,"y":13,"objectData":"{}"},{"index":1,"x":21,"y":13,"objectData":"{}"},{"index":1,"x":22,"y":13,"objectData":"{}"},{"index":1,"x":24,"y":14,"objectData":"{}"},{"index":1,"x":24,"y":13,"objectData":"{}"},{"index":1,"x":23,"y":13,"objectData":"{}"},{"index":1,"x":1,"y":18,"objectData":"{}"},{"index":1,"x":2,"y":18,"objectData":"{}"},{"index":1,"x":3,"y":18,"objectData":"{}"},{"index":1,"x":4,"y":18,"objectData":"{}"},{"index":1,"x":5,"y":18,"objectData":"{}"},{"index":1,"x":0,"y":18,"objectData":"{}"},{"index":1,"x":0,"y":17,"objectData":"{}"},{"index":1,"x":0,"y":16,"objectData":"{}"},{"index":1,"x":0,"y":15,"objectData":"{}"},{"index":1,"x":0,"y":14,"objectData":"{}"},{"index":1,"x":0,"y":13,"objectData":"{}"},{"index":1,"x":0,"y":12,"objectData":"{}"},{"index":1,"x":0,"y":11,"objectData":"{}"},{"index":1,"x":0,"y":10,"objectData":"{}"},{"index":1,"x":0,"y":1,"objectData":"{}"},{"index":1,"x":0,"y":2,"objectData":"{}"},{"index":1,"x":0,"y":3,"objectData":"{}"},{"index":1,"x":0,"y":4,"objectData":"{}"},{"index":1,"x":0,"y":5,"objectData":"{}"},{"index":1,"x":0,"y":6,"objectData":"{}"},{"index":1,"x":0,"y":7,"objectData":"{}"},{"index":1,"x":0,"y":8,"objectData":"{}"},{"index":1,"x":0,"y":9,"objectData":"{}"},{"index":1,"x":0,"y":0,"objectData":"{}"},{"index":1,"x":1,"y":0,"objectData":"{}"},{"index":1,"x":16,"y":0,"objectData":"{}"},{"index":1,"x":15,"y":0,"objectData":"{}"},{"index":1,"x":14,"y":0,"objectData":"{}"},{"index":1,"x":13,"y":0,"objectData":"{}"},{"index":1,"x":12,"y":0,"objectData":"{}"},{"index":1,"x":11,"y":0,"objectData":"{}"},{"index":1,"x":10,"y":0,"objectData":"{}"},{"index":1,"x":9,"y":0,"objectData":"{}"},{"index":1,"x":8,"y":0,"objectData":"{}"},{"index":1,"x":7,"y":0,"objectData":"{}"},{"index":1,"x":6,"y":0,"objectData":"{}"},{"index":1,"x":5,"y":0,"objectData":"{}"},{"index":1,"x":4,"y":0,"objectData":"{}"},{"index":1,"x":3,"y":0,"objectData":"{}"},{"index":1,"x":2,"y":0,"objectData":"{}"},{"index":8,"x":6,"y":14,"objectData":"{}"},{"index":8,"x":6,"y":13,"objectData":"{}"},{"index":8,"x":6,"y":12,"objectData":"{}"},{"index":8,"x":6,"y":11,"objectData":"{}"},{"index":8,"x":3,"y":10,"objectData":"{}"},{"index":8,"x":4,"y":10,"objectData":"{}"},{"index":8,"x":5,"y":10,"objectData":"{}"},{"index":8,"x":6,"y":10,"objectData":"{}"},{"index":8,"x":10,"y":13,"objectData":"{}"},{"index":8,"x":11,"y":13,"objectData":"{}"},{"index":8,"x":12,"y":13,"objectData":"{}"},{"index":8,"x":13,"y":13,"objectData":"{}"},{"index":8,"x":14,"y":13,"objectData":"{}"},{"index":8,"x":15,"y":13,"objectData":"{}"},{"index":8,"x":15,"y":6,"objectData":"{}"},{"index":8,"x":14,"y":6,"objectData":"{}"},{"index":8,"x":13,"y":6,"objectData":"{}"},{"index":8,"x":12,"y":6,"objectData":"{}"},{"index":8,"x":11,"y":6,"objectData":"{}"},{"index":8,"x":10,"y":6,"objectData":"{}"},{"index":8,"x":10,"y":2,"objectData":"{}"},{"index":8,"x":3,"y":6,"objectData":"{}"},{"index":8,"x":4,"y":6,"objectData":"{}"},{"index":8,"x":5,"y":6,"objectData":"{}"},{"index":8,"x":6,"y":6,"objectData":"{}"},{"index":8,"x":6,"y":5,"objectData":"{}"},{"index":8,"x":6,"y":4,"objectData":"{}"},{"index":8,"x":6,"y":3,"objectData":"{}"},{"index":8,"x":6,"y":2,"objectData":"{}"},{"index":7,"x":8,"y":11,"objectData":""},{"index":3,"x":15,"y":16,"objectData":"{\"enumTurret\":0}"},{"index":6,"x":3,"y":14,"objectData":""},{"index":6,"x":3,"y":2,"objectData":""},{"index":6,"x":13,"y":2,"objectData":""},{"index":10,"x":15,"y":5,"objectData":""},{"index":3,"x":4,"y":4,"objectData":"{\"enumTurret\":0}"},{"index":3,"x":4,"y":12,"objectData":"{\"enumTurret\":0}"},{"index":2,"x":7,"y":23,"objectData":""},{"index":2,"x":8,"y":23,"objectData":""},{"index":2,"x":9,"y":23,"objectData":""},{"index":2,"x":10,"y":23,"objectData":""},{"index":2,"x":11,"y":23,"objectData":""},{"index":2,"x":12,"y":23,"objectData":""},{"index":2,"x":13,"y":23,"objectData":""},{"index":2,"x":14,"y":23,"objectData":""},{"index":2,"x":15,"y":23,"objectData":""},{"index":2,"x":16,"y":23,"objectData":""},{"index":2,"x":17,"y":23,"objectData":""},{"index":2,"x":18,"y":23,"objectData":""},{"index":2,"x":19,"y":23,"objectData":""},{"index":2,"x":20,"y":23,"objectData":""},{"index":2,"x":21,"y":23,"objectData":""},{"index":2,"x":22,"y":23,"objectData":""},{"index":2,"x":23,"y":23,"objectData":""},{"index":2,"x":23,"y":22,"objectData":""},{"index":2,"x":23,"y":21,"objectData":""},{"index":2,"x":23,"y":20,"objectData":""},{"index":2,"x":23,"y":19,"objectData":""},{"index":2,"x":23,"y":18,"objectData":""},{"index":2,"x":23,"y":16,"objectData":""},{"index":2,"x":23,"y":15,"objectData":""},{"index":2,"x":23,"y":14,"objectData":""},{"index":2,"x":22,"y":14,"objectData":""},{"index":2,"x":21,"y":14,"objectData":""},{"index":2,"x":20,"y":14,"objectData":""},{"index":2,"x":19,"y":14,"objectData":""},{"index":2,"x":18,"y":14,"objectData":""},{"index":2,"x":17,"y":14,"objectData":""},{"index":2,"x":16,"y":14,"objectData":""},{"index":2,"x":15,"y":14,"objectData":""},{"index":2,"x":16,"y":15,"objectData":""},{"index":2,"x":17,"y":15,"objectData":""},{"index":2,"x":18,"y":15,"objectData":""},{"index":2,"x":19,"y":15,"objectData":""},{"index":2,"x":22,"y":15,"objectData":""},{"index":2,"x":22,"y":16,"objectData":""},{"index":2,"x":23,"y":17,"objectData":""},{"index":2,"x":22,"y":17,"objectData":""},{"index":2,"x":22,"y":18,"objectData":""},{"index":2,"x":21,"y":17,"objectData":""},{"index":2,"x":21,"y":16,"objectData":""},{"index":2,"x":21,"y":15,"objectData":""},{"index":2,"x":20,"y":15,"objectData":""},{"index":2,"x":20,"y":16,"objectData":""},{"index":2,"x":19,"y":16,"objectData":""},{"index":2,"x":18,"y":16,"objectData":""},{"index":2,"x":16,"y":16,"objectData":""},{"index":2,"x":17,"y":16,"objectData":""},{"index":2,"x":17,"y":17,"objectData":""},{"index":2,"x":18,"y":17,"objectData":""},{"index":2,"x":19,"y":17,"objectData":""},{"index":2,"x":20,"y":17,"objectData":""},{"index":2,"x":20,"y":18,"objectData":""},{"index":2,"x":21,"y":18,"objectData":""},{"index":2,"x":21,"y":19,"objectData":""},{"index":2,"x":22,"y":19,"objectData":""},{"index":2,"x":22,"y":20,"objectData":""},{"index":2,"x":21,"y":21,"objectData":""},{"index":2,"x":22,"y":21,"objectData":""},{"index":2,"x":22,"y":22,"objectData":""},{"index":2,"x":21,"y":22,"objectData":""},{"index":2,"x":20,"y":22,"objectData":""},{"index":2,"x":19,"y":22,"objectData":""},{"index":2,"x":18,"y":22,"objectData":""},{"index":2,"x":17,"y":22,"objectData":""},{"index":2,"x":16,"y":22,"objectData":""},{"index":2,"x":15,"y":22,"objectData":""},{"index":2,"x":14,"y":22,"objectData":""},{"index":2,"x":13,"y":22,"objectData":""},{"index":2,"x":12,"y":22,"objectData":""},{"index":2,"x":11,"y":22,"objectData":""},{"index":2,"x":10,"y":22,"objectData":""},{"index":2,"x":9,"y":22,"objectData":""},{"index":2,"x":8,"y":22,"objectData":""},{"index":2,"x":7,"y":22,"objectData":""},{"index":2,"x":7,"y":21,"objectData":""},{"index":2,"x":7,"y":20,"objectData":""},{"index":2,"x":7,"y":19,"objectData":""},{"index":2,"x":8,"y":19,"objectData":""},{"index":2,"x":9,"y":19,"objectData":""},{"index":2,"x":10,"y":19,"objectData":""},{"index":2,"x":11,"y":19,"objectData":""},{"index":2,"x":12,"y":19,"objectData":""},{"index":2,"x":13,"y":19,"objectData":""},{"index":2,"x":17,"y":19,"objectData":""},{"index":2,"x":18,"y":19,"objectData":""},{"index":2,"x":20,"y":19,"objectData":""},{"index":2,"x":19,"y":19,"objectData":""},{"index":2,"x":19,"y":18,"objectData":""},{"index":2,"x":18,"y":18,"objectData":""},{"index":2,"x":17,"y":18,"objectData":""},{"index":2,"x":14,"y":19,"objectData":""},{"index":2,"x":13,"y":18,"objectData":""},{"index":2,"x":15,"y":18,"objectData":""},{"index":2,"x":16,"y":18,"objectData":""},{"index":2,"x":16,"y":17,"objectData":""},{"index":2,"x":15,"y":17,"objectData":""},{"index":2,"x":13,"y":17,"objectData":""},{"index":2,"x":13,"y":16,"objectData":""},{"index":2,"x":13,"y":15,"objectData":""},{"index":2,"x":15,"y":15,"objectData":""},{"index":2,"x":14,"y":15,"objectData":""},{"index":2,"x":14,"y":16,"objectData":""},{"index":2,"x":14,"y":17,"objectData":""},{"index":2,"x":14,"y":18,"objectData":""},{"index":2,"x":15,"y":19,"objectData":""},{"index":2,"x":16,"y":19,"objectData":""},{"index":2,"x":21,"y":20,"objectData":""},{"index":2,"x":16,"y":20,"objectData":""},{"index":2,"x":15,"y":20,"objectData":""},{"index":2,"x":14,"y":20,"objectData":""},{"index":2,"x":13,"y":20,"objectData":""},{"index":2,"x":12,"y":20,"objectData":""},{"index":2,"x":11,"y":20,"objectData":""},{"index":2,"x":10,"y":20,"objectData":""},{"index":2,"x":9,"y":20,"objectData":""},{"index":2,"x":8,"y":20,"objectData":""},{"index":2,"x":8,"y":21,"objectData":""},{"index":2,"x":10,"y":21,"objectData":""},{"index":2,"x":11,"y":21,"objectData":""},{"index":2,"x":12,"y":21,"objectData":""},{"index":2,"x":13,"y":21,"objectData":""},{"index":2,"x":14,"y":21,"objectData":""},{"index":2,"x":15,"y":21,"objectData":""},{"index":2,"x":16,"y":21,"objectData":""},{"index":2,"x":17,"y":21,"objectData":""},{"index":2,"x":17,"y":20,"objectData":""},{"index":2,"x":18,"y":20,"objectData":""},{"index":2,"x":19,"y":20,"objectData":""},{"index":2,"x":20,"y":20,"objectData":""},{"index":2,"x":20,"y":21,"objectData":""},{"index":2,"x":19,"y":21,"objectData":""},{"index":2,"x":18,"y":21,"objectData":""},{"index":2,"x":14,"y":14,"objectData":""},{"index":2,"x":13,"y":14,"objectData":""},{"index":2,"x":12,"y":14,"objectData":""},{"index":2,"x":11,"y":14,"objectData":""},{"index":2,"x":10,"y":14,"objectData":""},{"index":2,"x":9,"y":14,"objectData":""},{"index":2,"x":8,"y":14,"objectData":""},{"index":2,"x":7,"y":16,"objectData":""},{"index":2,"x":7,"y":17,"objectData":""},{"index":2,"x":8,"y":17,"objectData":""},{"index":2,"x":9,"y":17,"objectData":""},{"index":2,"x":10,"y":17,"objectData":""},{"index":2,"x":11,"y":17,"objectData":""},{"index":2,"x":12,"y":17,"objectData":""},{"index":2,"x":12,"y":15,"objectData":""},{"index":2,"x":11,"y":15,"objectData":""},{"index":2,"x":10,"y":15,"objectData":""},{"index":2,"x":9,"y":15,"objectData":""},{"index":2,"x":12,"y":16,"objectData":""},{"index":2,"x":11,"y":16,"objectData":""},{"index":2,"x":10,"y":16,"objectData":""},{"index":2,"x":9,"y":16,"objectData":""},{"index":2,"x":8,"y":16,"objectData":""},{"index":2,"x":8,"y":15,"objectData":""},{"index":2,"x":6,"y":15,"objectData":""},{"index":2,"x":5,"y":15,"objectData":""},{"index":2,"x":3,"y":16,"objectData":""},{"index":2,"x":4,"y":16,"objectData":""},{"index":2,"x":5,"y":16,"objectData":""},{"index":2,"x":6,"y":16,"objectData":""},{"index":2,"x":6,"y":17,"objectData":""},{"index":2,"x":5,"y":17,"objectData":""},{"index":2,"x":4,"y":17,"objectData":""},{"index":2,"x":3,"y":17,"objectData":""},{"index":2,"x":2,"y":17,"objectData":""},{"index":2,"x":1,"y":17,"objectData":""},{"index":2,"x":1,"y":16,"objectData":""},{"index":2,"x":1,"y":15,"objectData":""},{"index":2,"x":1,"y":14,"objectData":""},{"index":2,"x":1,"y":13,"objectData":""},{"index":2,"x":1,"y":12,"objectData":""},{"index":2,"x":1,"y":11,"objectData":""},{"index":2,"x":1,"y":10,"objectData":""},{"index":2,"x":1,"y":9,"objectData":""},{"index":2,"x":1,"y":8,"objectData":""},{"index":2,"x":1,"y":7,"objectData":""},{"index":2,"x":1,"y":6,"objectData":""},{"index":2,"x":1,"y":5,"objectData":""},{"index":2,"x":1,"y":4,"objectData":""},{"index":2,"x":1,"y":3,"objectData":""},{"index":2,"x":1,"y":2,"objectData":""},{"index":2,"x":1,"y":1,"objectData":""},{"index":2,"x":2,"y":1,"objectData":""},{"index":2,"x":3,"y":1,"objectData":""},{"index":2,"x":4,"y":1,"objectData":""},{"index":2,"x":5,"y":1,"objectData":""},{"index":2,"x":6,"y":1,"objectData":""},{"index":2,"x":7,"y":1,"objectData":""},{"index":2,"x":8,"y":1,"objectData":""},{"index":2,"x":9,"y":1,"objectData":""},{"index":2,"x":10,"y":1,"objectData":""},{"index":2,"x":11,"y":1,"objectData":""},{"index":2,"x":12,"y":1,"objectData":""},{"index":2,"x":13,"y":1,"objectData":""},{"index":2,"x":14,"y":1,"objectData":""},{"index":2,"x":15,"y":1,"objectData":""},{"index":2,"x":15,"y":2,"objectData":""},{"index":2,"x":15,"y":3,"objectData":""},{"index":2,"x":15,"y":4,"objectData":""},{"index":2,"x":14,"y":2,"objectData":""},{"index":2,"x":14,"y":3,"objectData":""},{"index":2,"x":14,"y":4,"objectData":""},{"index":2,"x":14,"y":5,"objectData":""},{"index":2,"x":13,"y":5,"objectData":""},{"index":2,"x":12,"y":5,"objectData":""},{"index":2,"x":11,"y":5,"objectData":""},{"index":2,"x":11,"y":3,"objectData":""},{"index":2,"x":11,"y":2,"objectData":""},{"index":2,"x":12,"y":2,"objectData":""},{"index":2,"x":12,"y":3,"objectData":""},{"index":2,"x":13,"y":3,"objectData":""},{"index":2,"x":13,"y":4,"objectData":""},{"index":2,"x":12,"y":4,"objectData":""},{"index":2,"x":11,"y":4,"objectData":""},{"index":8,"x":10,"y":5,"objectData":"{}"},{"index":8,"x":10,"y":4,"objectData":"{}"},{"index":8,"x":10,"y":3,"objectData":"{}"},{"index":2,"x":7,"y":6,"objectData":""},{"index":2,"x":7,"y":5,"objectData":""},{"index":2,"x":7,"y":4,"objectData":""},{"index":2,"x":7,"y":3,"objectData":""},{"index":2,"x":7,"y":2,"objectData":""},{"index":2,"x":8,"y":2,"objectData":""},{"index":2,"x":9,"y":2,"objectData":""},{"index":2,"x":9,"y":3,"objectData":""},{"index":2,"x":9,"y":4,"objectData":""},{"index":2,"x":9,"y":6,"objectData":""},{"index":2,"x":9,"y":5,"objectData":""},{"index":2,"x":8,"y":4,"objectData":""},{"index":2,"x":8,"y":3,"objectData":""},{"index":2,"x":5,"y":5,"objectData":""},{"index":2,"x":5,"y":4,"objectData":""},{"index":2,"x":5,"y":3,"objectData":""},{"index":2,"x":5,"y":2,"objectData":""},{"index":2,"x":4,"y":2,"objectData":""},{"index":2,"x":4,"y":3,"objectData":""},{"index":2,"x":3,"y":3,"objectData":""},{"index":2,"x":2,"y":2,"objectData":""},{"index":2,"x":2,"y":3,"objectData":""},{"index":2,"x":2,"y":4,"objectData":""},{"index":2,"x":3,"y":4,"objectData":""},{"index":2,"x":4,"y":5,"objectData":""},{"index":2,"x":3,"y":5,"objectData":""},{"index":2,"x":2,"y":5,"objectData":""},{"index":2,"x":2,"y":6,"objectData":""},{"index":2,"x":2,"y":7,"objectData":""},{"index":2,"x":3,"y":7,"objectData":""},{"index":2,"x":4,"y":7,"objectData":""},{"index":2,"x":5,"y":7,"objectData":""},{"index":2,"x":2,"y":8,"objectData":""},{"index":2,"x":3,"y":8,"objectData":""},{"index":2,"x":4,"y":8,"objectData":""},{"index":2,"x":5,"y":8,"objectData":""},{"index":2,"x":6,"y":8,"objectData":""},{"index":2,"x":6,"y":9,"objectData":""},{"index":2,"x":5,"y":9,"objectData":""},{"index":2,"x":4,"y":9,"objectData":""},{"index":2,"x":3,"y":9,"objectData":""},{"index":2,"x":2,"y":9,"objectData":""},{"index":2,"x":2,"y":10,"objectData":""},{"index":2,"x":2,"y":16,"objectData":""},{"index":2,"x":2,"y":14,"objectData":""},{"index":2,"x":2,"y":13,"objectData":""},{"index":2,"x":2,"y":12,"objectData":""},{"index":2,"x":2,"y":11,"objectData":""},{"index":2,"x":3,"y":11,"objectData":""},{"index":2,"x":4,"y":11,"objectData":""},{"index":2,"x":5,"y":11,"objectData":""},{"index":2,"x":5,"y":12,"objectData":""},{"index":2,"x":5,"y":13,"objectData":""},{"index":2,"x":5,"y":14,"objectData":""},{"index":2,"x":4,"y":14,"objectData":""},{"index":2,"x":4,"y":13,"objectData":""},{"index":2,"x":3,"y":13,"objectData":""},{"index":2,"x":3,"y":12,"objectData":""},{"index":2,"x":2,"y":15,"objectData":""},{"index":2,"x":3,"y":15,"objectData":""},{"index":2,"x":4,"y":15,"objectData":""},{"index":2,"x":7,"y":15,"objectData":""},{"index":2,"x":7,"y":14,"objectData":""},{"index":2,"x":9,"y":13,"objectData":""},{"index":2,"x":8,"y":13,"objectData":""},{"index":2,"x":7,"y":13,"objectData":""},{"index":2,"x":7,"y":12,"objectData":""},{"index":2,"x":7,"y":11,"objectData":""},{"index":2,"x":7,"y":10,"objectData":""},{"index":2,"x":7,"y":9,"objectData":""},{"index":2,"x":8,"y":9,"objectData":""},{"index":2,"x":9,"y":9,"objectData":""},{"index":2,"x":12,"y":9,"objectData":""},{"index":2,"x":11,"y":9,"objectData":""},{"index":2,"x":10,"y":9,"objectData":""},{"index":2,"x":9,"y":8,"objectData":""},{"index":2,"x":8,"y":8,"objectData":""},{"index":2,"x":7,"y":8,"objectData":""},{"index":2,"x":6,"y":7,"objectData":""},{"index":2,"x":7,"y":7,"objectData":""},{"index":2,"x":8,"y":7,"objectData":""},{"index":2,"x":9,"y":7,"objectData":""},{"index":2,"x":10,"y":7,"objectData":""},{"index":2,"x":11,"y":7,"objectData":""},{"index":2,"x":12,"y":7,"objectData":""},{"index":2,"x":13,"y":7,"objectData":""},{"index":2,"x":14,"y":7,"objectData":""},{"index":2,"x":15,"y":7,"objectData":""},{"index":2,"x":15,"y":8,"objectData":""},{"index":2,"x":10,"y":8,"objectData":""},{"index":2,"x":11,"y":8,"objectData":""},{"index":2,"x":12,"y":8,"objectData":""},{"index":2,"x":13,"y":8,"objectData":""},{"index":2,"x":14,"y":8,"objectData":""},{"index":2,"x":14,"y":9,"objectData":""},{"index":2,"x":15,"y":9,"objectData":""},{"index":2,"x":15,"y":10,"objectData":""},{"index":2,"x":15,"y":11,"objectData":""},{"index":2,"x":12,"y":10,"objectData":""},{"index":2,"x":11,"y":10,"objectData":""},{"index":2,"x":10,"y":10,"objectData":""},{"index":2,"x":8,"y":10,"objectData":""},{"index":2,"x":9,"y":10,"objectData":""},{"index":2,"x":10,"y":11,"objectData":""},{"index":2,"x":11,"y":11,"objectData":""},{"index":2,"x":12,"y":11,"objectData":""},{"index":2,"x":13,"y":11,"objectData":""},{"index":2,"x":13,"y":10,"objectData":""},{"index":2,"x":14,"y":10,"objectData":""},{"index":2,"x":14,"y":11,"objectData":""},{"index":2,"x":15,"y":12,"objectData":""},{"index":2,"x":14,"y":12,"objectData":""},{"index":2,"x":13,"y":12,"objectData":""},{"index":2,"x":12,"y":12,"objectData":""},{"index":2,"x":11,"y":12,"objectData":""},{"index":2,"x":10,"y":12,"objectData":""},{"index":2,"x":8,"y":12,"objectData":""},{"index":2,"x":9,"y":12,"objectData":""},{"index":2,"x":9,"y":11,"objectData":""},{"index":4,"x":9,"y":21,"objectData":""},{"index":2,"x":8,"y":6,"objectData":""},{"index":7,"x":13,"y":9,"objectData":""},{"index":7,"x":8,"y":5,"objectData":""}]}