{"gridWidth":20,"gridHeight":20,"objectList":[{"index":1,"x":0,"y":0,"objectData":"{}"},{"index":1,"x":0,"y":1,"objectData":"{}"},{"index":1,"x":0,"y":2,"objectData":"{}"},{"index":1,"x":0,"y":3,"objectData":"{}"},{"index":1,"x":0,"y":4,"objectData":"{}"},{"index":1,"x":0,"y":5,"objectData":"{}"},{"index":1,"x":0,"y":6,"objectData":"{}"},{"index":1,"x":0,"y":7,"objectData":"{}"},{"index":1,"x":0,"y":8,"objectData":"{}"},{"index":1,"x":0,"y":9,"objectData":"{}"},{"index":1,"x":0,"y":10,"objectData":"{}"},{"index":1,"x":0,"y":11,"objectData":"{}"},{"index":1,"x":0,"y":12,"objectData":"{}"},{"index":1,"x":0,"y":13,"objectData":"{}"},{"index":1,"x":0,"y":14,"objectData":"{}"},{"index":1,"x":0,"y":15,"objectData":"{}"},{"index":1,"x":0,"y":16,"objectData":"{}"},{"index":1,"x":0,"y":17,"objectData":"{}"},{"index":1,"x":0,"y":19,"objectData":"{}"},{"index":1,"x":0,"y":18,"objectData":"{}"},{"index":1,"x":1,"y":0,"objectData":"{}"},{"index":1,"x":2,"y":0,"objectData":"{}"},{"index":1,"x":3,"y":0,"objectData":"{}"},{"index":1,"x":4,"y":0,"objectData":"{}"},{"index":1,"x":5,"y":0,"objectData":"{}"},{"index":1,"x":6,"y":0,"objectData":"{}"},{"index":1,"x":7,"y":0,"objectData":"{}"},{"index":1,"x":8,"y":0,"objectData":"{}"},{"index":1,"x":9,"y":0,"objectData":"{}"},{"index":1,"x":10,"y":0,"objectData":"{}"},{"index":1,"x":11,"y":0,"objectData":"{}"},{"index":1,"x":12,"y":0,"objectData":"{}"},{"index":1,"x":13,"y":0,"objectData":"{}"},{"index":1,"x":14,"y":0,"objectData":"{}"},{"index":1,"x":15,"y":0,"objectData":"{}"},{"index":1,"x":16,"y":0,"objectData":"{}"},{"index":1,"x":17,"y":0,"objectData":"{}"},{"index":1,"x":18,"y":0,"objectData":"{}"},{"index":1,"x":19,"y":0,"objectData":"{}"},{"index":1,"x":19,"y":1,"objectData":"{}"},{"index":1,"x":19,"y":2,"objectData":"{}"},{"index":1,"x":19,"y":3,"objectData":"{}"},{"index":1,"x":19,"y":4,"objectData":"{}"},{"index":1,"x":19,"y":5,"objectData":"{}"},{"index":1,"x":19,"y":6,"objectData":"{}"},{"index":1,"x":19,"y":7,"objectData":"{}"},{"index":1,"x":19,"y":8,"objectData":"{}"},{"index":1,"x":19,"y":9,"objectData":"{}"},{"index":1,"x":19,"y":10,"objectData":"{}"},{"index":1,"x":19,"y":11,"objectData":"{}"},{"index":1,"x":19,"y":12,"objectData":"{}"},{"index":1,"x":19,"y":13,"objectData":"{}"},{"index":1,"x":19,"y":14,"objectData":"{}"},{"index":1,"x":19,"y":15,"objectData":"{}"},{"index":1,"x":19,"y":16,"objectData":"{}"},{"index":1,"x":19,"y":17,"objectData":"{}"},{"index":1,"x":19,"y":18,"objectData":"{}"},{"index":1,"x":19,"y":19,"objectData":"{}"},{"index":1,"x":1,"y":3,"objectData":"{}"},{"index":1,"x":1,"y":4,"objectData":"{}"},{"index":1,"x":2,"y":5,"objectData":"{}"},{"index":1,"x":2,"y":6,"objectData":"{}"},{"index":1,"x":3,"y":7,"objectData":"{}"},{"index":1,"x":3,"y":8,"objectData":"{}"},{"index":1,"x":4,"y":9,"objectData":"{}"},{"index":1,"x":4,"y":10,"objectData":"{}"},{"index":1,"x":5,"y":10,"objectData":"{}"},{"index":1,"x":5,"y":11,"objectData":"{}"},{"index":1,"x":6,"y":11,"objectData":"{}"},{"index":1,"x":6,"y":12,"objectData":"{}"},{"index":1,"x":7,"y":13,"objectData":"{}"},{"index":1,"x":7,"y":14,"objectData":"{}"},{"index":1,"x":8,"y":14,"objectData":"{}"},{"index":1,"x":9,"y":15,"objectData":"{}"},{"index":1,"x":10,"y":15,"objectData":"{}"},{"index":1,"x":10,"y":16,"objectData":"{}"},{"index":1,"x":11,"y":16,"objectData":"{}"},{"index":1,"x":12,"y":17,"objectData":"{}"},{"index":1,"x":13,"y":17,"objectData":"{}"},{"index":2,"x":1,"y":2,"objectData":""},{"index":2,"x":1,"y":1,"objectData":""},{"index":2,"x":2,"y":1,"objectData":""},{"index":2,"x":2,"y":2,"objectData":""},{"index":2,"x":2,"y":3,"objectData":""},{"index":2,"x":2,"y":4,"objectData":""},{"index":2,"x":3,"y":4,"objectData":""},{"index":2,"x":3,"y":5,"objectData":""},{"index":2,"x":3,"y":6,"objectData":""},{"index":2,"x":1,"y":5,"objectData":""},{"index":2,"x":1,"y":6,"objectData":""},{"index":2,"x":1,"y":7,"objectData":""},{"index":2,"x":2,"y":7,"objectData":""},{"index":2,"x":2,"y":8,"objectData":""},{"index":2,"x":1,"y":8,"objectData":""},{"index":2,"x":1,"y":9,"objectData":""},{"index":2,"x":2,"y":9,"objectData":""},{"index":2,"x":3,"y":9,"objectData":""},{"index":2,"x":3,"y":10,"objectData":""},{"index":2,"x":3,"y":11,"objectData":""},{"index":2,"x":4,"y":11,"objectData":""},{"index":2,"x":5,"y":12,"objectData":""},{"index":2,"x":6,"y":13,"objectData":""},{"index":2,"x":7,"y":15,"objectData":""},{"index":2,"x":8,"y":15,"objectData":""},{"index":2,"x":9,"y":16,"objectData":""},{"index":2,"x":11,"y":17,"objectData":""},{"index":2,"x":12,"y":18,"objectData":""},{"index":2,"x":13,"y":18,"objectData":""},{"index":2,"x":14,"y":18,"objectData":""},{"index":2,"x":14,"y":17,"objectData":""},{"index":2,"x":14,"y":16,"objectData":""},{"index":2,"x":13,"y":16,"objectData":""},{"index":2,"x":12,"y":16,"objectData":""},{"index":2,"x":12,"y":15,"objectData":""},{"index":2,"x":11,"y":15,"objectData":""},{"index":2,"x":10,"y":14,"objectData":""},{"index":2,"x":9,"y":14,"objectData":""},{"index":2,"x":9,"y":13,"objectData":""},{"index":2,"x":8,"y":13,"objectData":""},{"index":2,"x":8,"y":12,"objectData":""},{"index":2,"x":7,"y":12,"objectData":""},{"index":2,"x":7,"y":11,"objectData":""},{"index":2,"x":7,"y":10,"objectData":""},{"index":2,"x":6,"y":10,"objectData":""},{"index":2,"x":6,"y":9,"objectData":""},{"index":2,"x":5,"y":9,"objectData":""},{"index":2,"x":5,"y":8,"objectData":""},{"index":2,"x":4,"y":8,"objectData":""},{"index":2,"x":4,"y":7,"objectData":""},{"index":2,"x":4,"y":6,"objectData":""},{"index":2,"x":5,"y":6,"objectData":""},{"index":2,"x":5,"y":5,"objectData":""},{"index":2,"x":4,"y":5,"objectData":""},{"index":2,"x":1,"y":10,"objectData":""},{"index":2,"x":2,"y":10,"objectData":""},{"index":2,"x":2,"y":11,"objectData":""},{"index":2,"x":1,"y":11,"objectData":""},{"index":2,"x":1,"y":12,"objectData":""},{"index":2,"x":2,"y":12,"objectData":""},{"index":2,"x":3,"y":12,"objectData":""},{"index":2,"x":4,"y":12,"objectData":""},{"index":2,"x":4,"y":13,"objectData":""},{"index":2,"x":5,"y":13,"objectData":""},{"index":2,"x":5,"y":14,"objectData":""},{"index":2,"x":6,"y":14,"objectData":""},{"index":2,"x":6,"y":15,"objectData":""},{"index":2,"x":8,"y":16,"objectData":""},{"index":2,"x":9,"y":17,"objectData":""},{"index":2,"x":10,"y":17,"objectData":""},{"index":2,"x":11,"y":18,"objectData":""},{"index":2,"x":6,"y":16,"objectData":""},{"index":2,"x":7,"y":16,"objectData":""},{"index":2,"x":8,"y":17,"objectData":""},{"index":2,"x":1,"y":13,"objectData":""},{"index":2,"x":1,"y":14,"objectData":""},{"index":2,"x":1,"y":15,"objectData":""},{"index":2,"x":1,"y":16,"objectData":""},{"index":2,"x":1,"y":17,"objectData":""},{"index":2,"x":1,"y":18,"objectData":""},{"index":2,"x":2,"y":18,"objectData":""},{"index":2,"x":3,"y":18,"objectData":""},{"index":2,"x":4,"y":18,"objectData":""},{"index":2,"x":5,"y":18,"objectData":""},{"index":2,"x":6,"y":18,"objectData":""},{"index":2,"x":10,"y":18,"objectData":""},{"index":2,"x":9,"y":18,"objectData":""},{"index":2,"x":8,"y":18,"objectData":""},{"index":2,"x":7,"y":18,"objectData":""},{"index":2,"x":7,"y":17,"objectData":""},{"index":2,"x":6,"y":17,"objectData":""},{"index":2,"x":5,"y":17,"objectData":""},{"index":2,"x":4,"y":17,"objectData":""},{"index":2,"x":3,"y":17,"objectData":""},{"index":2,"x":2,"y":17,"objectData":""},{"index":2,"x":2,"y":16,"objectData":""},{"index":2,"x":2,"y":15,"objectData":""},{"index":2,"x":2,"y":14,"objectData":""},{"index":2,"x":2,"y":13,"objectData":""},{"index":2,"x":3,"y":13,"objectData":""},{"index":2,"x":3,"y":14,"objectData":""},{"index":2,"x":3,"y":15,"objectData":""},{"index":2,"x":3,"y":16,"objectData":""},{"index":2,"x":4,"y":16,"objectData":""},{"index":2,"x":5,"y":16,"objectData":""},{"index":2,"x":5,"y":15,"objectData":""},{"index":2,"x":4,"y":15,"objectData":""},{"index":2,"x":4,"y":14,"objectData":""},{"index":2,"x":16,"y":18,"objectData":""},{"index":2,"x":17,"y":18,"objectData":""},{"index":2,"x":18,"y":18,"objectData":""},{"index":2,"x":18,"y":17,"objectData":""},{"index":2,"x":17,"y":17,"objectData":""},{"index":2,"x":16,"y":17,"objectData":""},{"index":2,"x":15,"y":17,"objectData":""},{"index":2,"x":18,"y":16,"objectData":""},{"index":2,"x":18,"y":15,"objectData":""},{"index":2,"x":18,"y":14,"objectData":""},{"index":2,"x":18,"y":13,"objectData":""},{"index":2,"x":18,"y":12,"objectData":""},{"index":2,"x":18,"y":11,"objectData":""},{"index":2,"x":18,"y":10,"objectData":""},{"index":2,"x":18,"y":8,"objectData":""},{"index":2,"x":18,"y":7,"objectData":""},{"index":2,"x":18,"y":6,"objectData":""},{"index":2,"x":18,"y":5,"objectData":""},{"index":2,"x":18,"y":4,"objectData":""},{"index":2,"x":18,"y":3,"objectData":""},{"index":2,"x":18,"y":2,"objectData":""},{"index":2,"x":18,"y":1,"objectData":""},{"index":2,"x":17,"y":1,"objectData":""},{"index":2,"x":16,"y":1,"objectData":""},{"index":2,"x":15,"y":1,"objectData":""},{"index":2,"x":14,"y":1,"objectData":""},{"index":2,"x":13,"y":1,"objectData":""},{"index":2,"x":12,"y":1,"objectData":""},{"index":2,"x":11,"y":1,"objectData":""},{"index":2,"x":10,"y":1,"objectData":""},{"index":2,"x":9,"y":1,"objectData":""},{"index":2,"x":8,"y":1,"objectData":""},{"index":2,"x":7,"y":1,"objectData":""},{"index":2,"x":6,"y":1,"objectData":""},{"index":2,"x":5,"y":1,"objectData":""},{"index":2,"x":4,"y":1,"objectData":""},{"index":2,"x":3,"y":1,"objectData":""},{"index":2,"x":3,"y":2,"objectData":""},{"index":2,"x":3,"y":3,"objectData":""},{"index":2,"x":4,"y":2,"objectData":""},{"index":2,"x":7,"y":3,"objectData":""},{"index":2,"x":8,"y":3,"objectData":""},{"index":2,"x":9,"y":3,"objectData":""},{"index":2,"x":10,"y":3,"objectData":""},{"index":2,"x":12,"y":2,"objectData":""},{"index":2,"x":11,"y":2,"objectData":""},{"index":2,"x":10,"y":2,"objectData":""},{"index":2,"x":9,"y":2,"objectData":""},{"index":2,"x":8,"y":2,"objectData":""},{"index":2,"x":7,"y":2,"objectData":""},{"index":2,"x":6,"y":2,"objectData":""},{"index":2,"x":6,"y":3,"objectData":""},{"index":2,"x":5,"y":3,"objectData":""},{"index":2,"x":4,"y":3,"objectData":""},{"index":2,"x":4,"y":4,"objectData":""},{"index":2,"x":5,"y":7,"objectData":""},{"index":2,"x":6,"y":7,"objectData":""},{"index":2,"x":6,"y":8,"objectData":""},{"index":2,"x":7,"y":8,"objectData":""},{"index":2,"x":7,"y":9,"objectData":""},{"index":2,"x":8,"y":10,"objectData":""},{"index":2,"x":8,"y":11,"objectData":""},{"index":2,"x":9,"y":11,"objectData":""},{"index":2,"x":9,"y":12,"objectData":""},{"index":2,"x":10,"y":12,"objectData":""},{"index":2,"x":10,"y":13,"objectData":""},{"index":2,"x":11,"y":13,"objectData":""},{"index":2,"x":11,"y":14,"objectData":""},{"index":2,"x":12,"y":14,"objectData":""},{"index":2,"x":13,"y":14,"objectData":""},{"index":2,"x":13,"y":15,"objectData":""},{"index":2,"x":14,"y":15,"objectData":""},{"index":2,"x":15,"y":15,"objectData":""},{"index":2,"x":15,"y":16,"objectData":""},{"index":2,"x":16,"y":16,"objectData":""},{"index":2,"x":17,"y":16,"objectData":""},{"index":2,"x":17,"y":15,"objectData":""},{"index":2,"x":16,"y":15,"objectData":""},{"index":2,"x":16,"y":14,"objectData":""},{"index":2,"x":17,"y":14,"objectData":""},{"index":2,"x":17,"y":13,"objectData":""},{"index":2,"x":17,"y":12,"objectData":""},{"index":2,"x":17,"y":11,"objectData":""},{"index":2,"x":16,"y":11,"objectData":""},{"index":2,"x":16,"y":10,"objectData":""},{"index":2,"x":17,"y":10,"objectData":""},{"index":2,"x":17,"y":4,"objectData":""},{"index":2,"x":17,"y":3,"objectData":""},{"index":2,"x":17,"y":2,"objectData":""},{"index":2,"x":16,"y":2,"objectData":""},{"index":2,"x":15,"y":2,"objectData":""},{"index":2,"x":14,"y":2,"objectData":""},{"index":2,"x":13,"y":2,"objectData":""},{"index":2,"x":16,"y":3,"objectData":""},{"index":2,"x":15,"y":3,"objectData":""},{"index":2,"x":14,"y":3,"objectData":""},{"index":2,"x":13,"y":3,"objectData":""},{"index":2,"x":12,"y":3,"objectData":""},{"index":2,"x":11,"y":3,"objectData":""},{"index":2,"x":12,"y":4,"objectData":""},{"index":2,"x":13,"y":4,"objectData":""},{"index":2,"x":14,"y":4,"objectData":""},{"index":2,"x":16,"y":4,"objectData":""},{"index":2,"x":15,"y":4,"objectData":""},{"index":2,"x":15,"y":6,"objectData":""},{"index":2,"x":16,"y":6,"objectData":""},{"index":2,"x":15,"y":10,"objectData":""},{"index":2,"x":15,"y":11,"objectData":""},{"index":2,"x":15,"y":12,"objectData":""},{"index":2,"x":16,"y":12,"objectData":""},{"index":2,"x":16,"y":13,"objectData":""},{"index":2,"x":15,"y":13,"objectData":""},{"index":2,"x":15,"y":14,"objectData":""},{"index":2,"x":14,"y":14,"objectData":""},{"index":2,"x":14,"y":13,"objectData":""},{"index":2,"x":11,"y":11,"objectData":""},{"index":2,"x":9,"y":6,"objectData":""},{"index":2,"x":8,"y":6,"objectData":""},{"index":2,"x":8,"y":5,"objectData":""},{"index":2,"x":7,"y":5,"objectData":""},{"index":2,"x":5,"y":4,"objectData":""},{"index":2,"x":8,"y":7,"objectData":""},{"index":2,"x":9,"y":7,"objectData":""},{"index":2,"x":9,"y":8,"objectData":""},{"index":2,"x":10,"y":8,"objectData":""},{"index":2,"x":10,"y":9,"objectData":""},{"index":2,"x":11,"y":10,"objectData":""},{"index":2,"x":12,"y":11,"objectData":""},{"index":2,"x":13,"y":13,"objectData":""},{"index":2,"x":12,"y":13,"objectData":""},{"index":2,"x":12,"y":12,"objectData":""},{"index":2,"x":11,"y":12,"objectData":""},{"index":2,"x":10,"y":11,"objectData":""},{"index":2,"x":10,"y":10,"objectData":""},{"index":2,"x":9,"y":10,"objectData":""},{"index":2,"x":9,"y":9,"objectData":""},{"index":2,"x":8,"y":9,"objectData":""},{"index":2,"x":8,"y":8,"objectData":""},{"index":2,"x":7,"y":7,"objectData":""},{"index":2,"x":7,"y":6,"objectData":""},{"index":2,"x":6,"y":6,"objectData":""},{"index":2,"x":6,"y":5,"objectData":""},{"index":2,"x":6,"y":4,"objectData":""},{"index":2,"x":7,"y":4,"objectData":""},{"index":2,"x":8,"y":4,"objectData":""},{"index":2,"x":9,"y":4,"objectData":""},{"index":2,"x":9,"y":5,"objectData":""},{"index":2,"x":12,"y":8,"objectData":""},{"index":2,"x":14,"y":11,"objectData":""},{"index":2,"x":14,"y":12,"objectData":""},{"index":2,"x":13,"y":12,"objectData":""},{"index":2,"x":13,"y":11,"objectData":""},{"index":2,"x":12,"y":10,"objectData":""},{"index":2,"x":12,"y":9,"objectData":""},{"index":2,"x":11,"y":9,"objectData":""},{"index":2,"x":11,"y":8,"objectData":""},{"index":2,"x":11,"y":6,"objectData":""},{"index":2,"x":11,"y":5,"objectData":""},{"index":2,"x":11,"y":4,"objectData":""},{"index":2,"x":10,"y":4,"objectData":""},{"index":2,"x":10,"y":5,"objectData":""},{"index":2,"x":10,"y":6,"objectData":""},{"index":2,"x":10,"y":7,"objectData":""},{"index":2,"x":11,"y":7,"objectData":""},{"index":2,"x":12,"y":7,"objectData":""},{"index":2,"x":15,"y":8,"objectData":""},{"index":2,"x":16,"y":8,"objectData":""},{"index":2,"x":16,"y":7,"objectData":""},{"index":2,"x":12,"y":6,"objectData":""},{"index":2,"x":12,"y":5,"objectData":""},{"index":2,"x":14,"y":6,"objectData":""},{"index":2,"x":14,"y":7,"objectData":""},{"index":2,"x":14,"y":8,"objectData":""},{"index":2,"x":14,"y":10,"objectData":""},{"index":2,"x":13,"y":10,"objectData":""},{"index":8,"x":13,"y":8,"objectData":"{}"},{"index":8,"x":13,"y":7,"objectData":"{}"},{"index":8,"x":13,"y":6,"objectData":"{}"},{"index":8,"x":14,"y":5,"objectData":"{}"},{"index":8,"x":15,"y":5,"objectData":"{}"},{"index":8,"x":16,"y":5,"objectData":"{}"},{"index":8,"x":14,"y":9,"objectData":"{}"},{"index":8,"x":15,"y":9,"objectData":"{}"},{"index":8,"x":16,"y":9,"objectData":"{}"},{"index":8,"x":18,"y":9,"objectData":"{}"},{"index":8,"x":17,"y":8,"objectData":"{}"},{"index":8,"x":17,"y":7,"objectData":"{}"},{"index":8,"x":17,"y":6,"objectData":"{}"},{"index":3,"x":15,"y":7,"objectData":"{\"enumTurret\":0}"},{"index":10,"x":15,"y":18,"objectData":""},{"index":0,"x":5,"y":2,"objectData":""},{"index":4,"x":5,"y":2,"objectData":""},{"index":9,"x":12,"y":19,"objectData":"{}"},{"index":9,"x":13,"y":19,"objectData":"{}"},{"index":9,"x":14,"y":19,"objectData":"{}"},{"index":9,"x":11,"y":19,"objectData":"{}"},{"index":9,"x":1,"y":19,"objectData":"{}"},{"index":9,"x":2,"y":19,"objectData":"{}"},{"index":9,"x":3,"y":19,"objectData":"{}"},{"index":9,"x":4,"y":19,"objectData":"{}"},{"index":9,"x":5,"y":19,"objectData":"{}"},{"index":9,"x":6,"y":19,"objectData":"{}"},{"index":9,"x":10,"y":19,"objectData":"{}"},{"index":9,"x":9,"y":19,"objectData":"{}"},{"index":9,"x":8,"y":19,"objectData":"{}"},{"index":9,"x":7,"y":19,"objectData":"{}"},{"index":9,"x":16,"y":19,"objectData":"{}"},{"index":9,"x":17,"y":19,"objectData":"{}"},{"index":9,"x":18,"y":19,"objectData":"{}"},{"index":9,"x":17,"y":5,"objectData":"{}"},{"index":9,"x":17,"y":9,"objectData":"{}"},{"index":9,"x":13,"y":5,"objectData":"{}"},{"index":9,"x":13,"y":9,"objectData":"{}"},{"index":9,"x":15,"y":19,"objectData":"{}"}]}